system,analyte,f_mean,tau_ps_mean,f_rep1,f_rep2,f_rep3,tau_ps_rep1,tau_ps_rep2,tau_ps_rep3
SYS_000,3,0.6955058890760948,9989.156756427792,0.9754381957947591,0.04806204966074254,0.9708542340748976,10386.514863150955,9667.576890708946,107.6653763241732
SYS_000,4,0.007056096888989622,175.06808429965318,0.9888661314088267,1.0,0.9744791500051422,9846.384786873075,5071.397945672898,9709.465630867562
SYS_000,2,0.9311179683618586,9723.815216741168,0.9974924324559901,0.9499680164772075,0.44814993555217486,140.36910929180328,10085.136847120682,10103.034314216235
SYS_000,10,0.9272241001261573,9016.473507840872,0.0,1.0,1.0,547.9140147721832,201.89293294148302,5083.064782111264
SYS_000,2,0.9957971923680277,4633.457714073526,0.9936682912884834,0.5119035451195002,0.0,9986.762972732786,1923.0143253908789,5049.1350847476
SYS_000,8,0.3550342274706943,407.3160449888531,0.6928252775290207,0.9903763787805672,0.8933245136355845,1586.3888894473741,9821.24235126156,89.44089477152393
SYS_000,6,0.6200693489556605,4884.645559180671,0.992889926388161,0.0,0.9741524571419816,146.9321416591955,3097.74959961909,9678.189178401037
SYS_000,7,0.8215002303925367,3507.605373236111,0.10063517595282669,0.970040797769851,1.0,483.7349093915077,3469.759769023192,9894.4559334025
SYS_000,9,0.041257758863721385,1038.4159282024407,1.0,0.0682506831856447,0.9987078753709916,2167.2864924654505,0.0,0.0
SYS_000,6,0.9341200365782524,2820.5545330720074,0.0,1.0,1.0,557.9173322072169,9872.9376170689,10010.664511051142
SYS_001,1,0.5209286811030539,0.0,1.0,0.008899245601565844,0.527798014062581,510.7739924176308,10089.930812222343,4529.057332394274
SYS_001,9,0.5266619936741761,6867.683020501931,0.9831117128131048,0.9535353798121526,0.0,378.06779827170567,728.4144574462251,1069.3496907699948
SYS_001,2,0.5702954073428778,7178.109451501369,1.0,0.5879012208035113,0.030951634932623324,9884.986797439604,10408.417659801871,9904.03609555553
SYS_001,1,0.7672363487676389,6712.5258490896385,0.6726653090170027,1.0,0.998800808868963,10106.354994367546,2112.028978740589,2615.1740270564183
SYS_001,3,0.7936589661054863,9987.366833578322,0.026161765543509637,0.9016080828291989,1.0,201.5918076949793,942.1271226278681,10057.574652818394
SYS_001,3,0.74487354257901,5382.009469817317,1.0,1.0,1.0,10213.859470564594,392.7375663796213,10224.600963337103
SYS_001,3,1.0,372.0590451987326,0.9869522520744644,0.3522138721537421,0.07584909152321807,,2134.8242545969347,9973.082359823027
SYS_001,10,1.0,3608.9565301916377,0.0,0.13987536086772773,0.8656027360170867,9973.862969774298,199.4363534040617,40.21741753549261
SYS_001,5,0.7748838443076793,327.0423527103037,0.9863874862788748,0.997240171426544,0.9812034083438931,430.5497779581537,397.3455762615037,365.55988094298044
SYS_001,8,0.16537145788673485,10189.11395930075,0.7247895797205931,0.9913716534205815,1.0,10003.675715907471,9975.792818014805,8861.038530472762
SYS_002,6,0.47125473645225113,5278.259720430084,1.0,0.14324902391930472,0.04242413491276921,10305.879007307405,9954.219424212191,41.710710179332125
SYS_002,7,0.9991249329362422,4499.817915412303,0.02460660320690788,0.2349966993156376,0.4611834765699147,8789.34255456095,9924.990786003196,0.0
SYS_002,5,0.7314403604924345,3879.9759593512417,0.9455094633180956,0.2594793631217218,1.0,10363.148115970644,973.7105589678032,3688.542269753826
SYS_002,1,0.023046338979555544,9970.508895520119,0.9827651153399211,0.8986584309768264,0.9904308220599252,10210.50910855063,693.5683223965864,10183.84365507545
SYS_002,2,0.45438227661611486,75.02066545449401,0.09386872487433251,1.0,0.9880041856425237,496.9186153549329,4730.544272895979,1453.8377672950169
SYS_002,4,0.5638727680810812,6877.349499761431,0.8241309601103888,0.9041072269305146,0.6593808095673416,436.3709944608853,10189.512281865684,2296.6808296406894
SYS_002,4,0.9707835856439083,255.17194671190455,0.9906872079254424,0.163890674611237,0.5251704108202815,6279.299840733885,,9618.821462105363
SYS_002,8,0.5205672494538517,4513.72798391498,0.8860173586768316,0.014449061714593458,0.9832073020351997,3215.9665333208095,2480.923855271465,10203.724140087366
SYS_002,1,1.0,4429.980594065843,0.10335050613188629,0.9948660449443145,0.3657148394696135,166.2982498651856,10412.295028523264,10015.235965689957
SYS_002,2,0.0519407262975318,10027.36754482145,1.0,0.5916112864883046,0.9990555870025176,10211.89364491895,10081.184562860977,9703.839051301138
SYS_003,2,0.7052148436958252,5220.820859430252,1.0,0.9971429123429499,0.9724654794119895,1059.9386247233872,23.392214868249056,9316.063606627082
SYS_003,6,0.0246856009009652,9822.691933799379,0.0012557272327061524,0.1654990702367656,0.016202021378077965,3155.4045996733985,9862.369682401193,9788.185083923105
SYS_003,10,0.9587086920311229,6958.230776224467,1.0,1.0,0.46130079093466625,1368.8969453103853,10010.406511350686,0.0
SYS_003,3,0.9621652932750839,828.8035838402647,1.0,0.23612468463928124,0.4644332014609631,10229.809033900408,10121.468848589922,0.0
SYS_003,2,0.35308876209169204,6631.60339541483,0.9993105806816537,0.8549279174401797,0.6815226661093224,779.9668844624011,930.6805619302799,7092.122140542844
SYS_003,9,1.0,3038.4623620973007,0.8306629258392751,1.0,0.4081066268222706,2492.6208553833253,9676.97864967641,4726.349299566536
SYS_003,1,0.45567500724096843,9711.65321234314,0.932834761518517,0.9948975373798604,0.983716997281291,9784.705902571386,9837.636526816581,2882.726684540402
SYS_003,8,0.5933118905067213,5762.563016219134,0.23154053484876028,0.6523296326224751,0.9764471423605634,2001.0533933555605,2416.4601668903288,746.8340062776356
SYS_003,7,0.5774180996639421,6851.3884491947065,0.0,0.9796925607048729,0.4571074302725191,9235.991716325256,10162.643232586508,10025.824974549605
SYS_003,3,0.6622062558399279,1949.939427886331,0.9714103355777846,0.9661997727378813,1.0,1670.4939880584088,1135.558673822981,235.31648021246323
SYS_004,9,0.9876296049726594,7071.108350321043,0.6719547174055148,1.0,0.9850957890395601,1989.321525567462,2545.739877028773,1489.568964306483
SYS_004,6,0.9659799183322753,9946.410198775266,0.3068005330992021,1.0,0.022281332870195104,269.37170193737165,10048.580830756,249.94628468435928
SYS_004,4,0.6641185005083774,9842.358918843607,0.3550480584803343,0.6995711848309959,1.0,1838.163276013472,9900.786867330538,1536.9849447854572
SYS_004,9,0.9964954015010367,10098.469846668144,1.0,0.010402224679458134,1.0,10004.910988443233,204.38421261502566,
SYS_004,4,0.5531025181644952,3323.821512687535,0.9829893654796683,0.7406748626450528,1.0,204.03968133708713,0.0,2019.3590827711655
SYS_004,2,0.24168157310375865,9838.408365344598,0.23232709665936035,0.6383557796842283,0.005948200824339939,7246.642662739829,10030.935698828582,2316.2708178344546
SYS_004,10,1.0,3436.0228128015333,0.0,0.6538180481872404,0.9915979614434212,12.559753315635085,10247.566493488193,9.645073664642496
SYS_004,3,0.5753140863282435,9988.688809253284,0.9699562778359698,1.0,0.32394176807405545,10027.247015786368,798.1579648270335,9937.858239957322
SYS_004,10,0.942750043687112,3845.805735369972,0.1976263710367415,0.5895443047677235,1.0,9700.651117076197,501.05709560047967,679.2189030007388
SYS_004,7,0.22430650831042123,10007.196581015942,0.8118915956959356,0.2774216976464928,0.4931883469501034,1673.6447902661891,278.92015807217433,10135.751661142378
SYS_005,3,1.0,162.75723387152624,0.08861947743150371,0.9989066855270139,0.985431347256221,,96.07726642757382,22.46343829141673
SYS_005,7,0.30975510514293064,2696.720968032848,0.9936380074600754,0.36441144732680986,0.9729647970242711,1744.0399564121878,4763.988222699047,315.2888046956924
SYS_005,3,1.0,1788.1906849072407,0.35162437024713744,0.03888158264900257,1.0,104.72603873768182,10131.305599400155,172.68718663414046
SYS_005,3,0.9535901483382364,565.4699788335166,0.9976879701777148,0.0,0.9935726698827031,344.45919759507984,10345.146353154349,9639.859177795946
SYS_005,5,0.7381851545567778,175.97778731869684,1.0,0.9768867787284804,0.874640616713161,9878.024069358358,0.0,10365.838332970112
SYS_005,5,0.3256806159112197,7584.67639882543,0.25825951719346574,0.3540583593000001,1.0,3122.371453639337,1838.4489543482346,9865.614218014063
SYS_005,7,1.0,6866.276850220791,0.17510871580306397,0.5458010935059231,0.9792199404004984,9913.36005903423,10031.667422454591,637.9912420739021
SYS_005,7,0.15469951219348155,1792.9225338438218,0.1878571547931413,0.3433803898438352,0.7919376148816619,10065.449032177425,536.9337086029527,9648.307089951355
SYS_005,2,0.810788047373015,5365.927617733558,1.0,0.9975934189490306,1.0,1204.5420508740872,10037.835687082386,2365.4322759027473
SYS_005,6,0.6649615119621983,1550.4161510913514,0.0,0.2201642635475623,0.18958761731959173,9513.191847016597,10136.876110252922,4466.874672969818
SYS_006,9,1.0,1214.5438647462288,0.0017187981520889349,1.0,0.9849325041156014,10136.58932501089,1955.9960460319176,10296.639742262316
SYS_006,6,0.9823922403380283,3795.6144952585346,0.1931451742315093,0.9829835944371764,0.03439384926633263,9975.63069232488,77.46286076829182,1907.8190768312013
SYS_006,1,0.3969199533457631,7128.2064284359085,0.9152975554497964,0.03620044852334229,0.9852528735949247,10115.261327470964,9423.67248833285,10156.956363243837
SYS_006,7,0.31500649330975383,3711.3542267307434,0.5640274569059262,1.0,0.9962632717134575,2744.9229740490478,1466.1864747923732,3578.5386873960933
SYS_006,5,0.6921565973393088,5990.988175950025,0.36013597211517906,0.07084615541724898,0.6317236370211555,9834.443322956296,10045.400959528532,10115.066699818282
SYS_006,9,1.0,6899.996837765819,0.8158273475733033,1.0,0.9406108299131939,3253.699570967362,9859.375414609403,298.83105454228115
SYS_006,6,0.5616440762225263,7115.246371133025,0.04590264712321742,0.9881387226227596,1.0,9725.058932359092,0.0,9991.528784478933
SYS_006,6,0.8958484163937689,9911.880091447714,0.5596961343833142,0.6468616747240781,0.9231724731796582,10027.975335042467,708.8310520473276,9765.753245772634
SYS_006,6,0.7953996669776138,9435.186039457014,0.1989514145819568,0.9667871632529617,0.9795780644141532,5716.829712620874,3588.34377238556,10078.8258449479
SYS_006,7,0.4482150826406163,10287.427302422962,0.4412519533140185,0.7516895893693162,1.0,93.89648438721733,9830.497555793243,9600.510114446308
SYS_007,1,0.7507642756650981,10121.057306648647,0.11289027138588748,0.9947111881102857,1.0,135.56040867094634,0.0,10204.799351257558
SYS_007,3,0.7930395524563776,6986.093854307283,0.2650121914479497,0.5178795027541727,1.0,10095.78396979713,900.751728880658,10043.311217121469
SYS_007,1,0.3498388690993409,3201.4527372384437,0.00635776922318265,0.9969896270941295,0.6803755054112675,1689.7835780354658,10341.747837689578,10102.057980485735
SYS_007,5,0.8555217268892674,5014.638428705996,1.0,1.0,1.0,1791.9264494403003,1813.1641797361408,9424.648407844068
SYS_007,7,0.21760278345728518,6860.890403273399,0.9366784226223677,0.0,0.9750574622388415,10041.578596459976,10282.449889004081,9682.49682749554
SYS_007,10,0.949171208222491,9806.729648452723,1.0,0.9932265983900431,0.6248422307310169,10187.644837643355,9917.12809594439,639.8025322070314
SYS_007,7,0.9012537386729161,6704.192314109878,0.9633179847261446,0.9837026141149275,0.9397829006705971,5134.941448227072,,10148.114514460338
SYS_007,5,1.0,5261.774879980776,0.9483098692856711,1.0,0.9580956177024927,1463.2576536284287,96.26587640748829,0.0
SYS_007,7,0.504437707410672,10148.95525200878,0.5660892065822261,0.9871602559669164,0.9944952334678858,629.4298777952068,9925.16122728619,10560.202657504207
SYS_007,7,0.3346436932429102,140.77242505234358,1.0,0.9564110514574435,0.6511938580808356,9974.503112478858,10052.641256331848,252.1082356725068
SYS_008,2,1.0,886.1866074100269,1.0,0.9324373257437718,0.9424280395166413,0.0,9839.660342266687,9776.623805622892
SYS_008,2,0.7187093795707148,4071.9849548302245,0.9893075972951456,0.6543932308701145,0.9925263670118664,355.2541453453143,1380.0309391425094,9958.919293556715
SYS_008,9,0.517570661317017,4812.030757828948,0.976848058910189,0.9538707365451653,0.94289310498828,193.16276192508982,261.4539741247881,9790.925231809118
SYS_008,1,0.5343432322351758,108.86467515807905,0.7426063247575859,0.00779412671113884,1.0,10139.417377304346,,9739.611353919787
SYS_008,4,1.0,9808.548301884839,1.0,0.7676506560061619,1.0,0.0,332.51259347152177,10222.273406377923
SYS_008,5,0.8226756222585747,891.9191012291373,0.045967227361790104,0.9557036117287186,0.5253826439418563,126.47671776287058,836.6451183667108,10112.840789159929
SYS_008,9,0.7756682315118084,755.8907915554013,1.0,0.9890820929486578,0.9063944326115548,10101.398509004772,353.3435630070511,1043.4792206832983
SYS_008,8,1.0,9886.807851870613,1.0,1.0,1.0,10306.32529075846,10011.344080909961,10280.706208754318
SYS_008,5,0.8247663037175983,6593.811429545036,0.13543850510565084,1.0,0.021521878661295034,10137.906569193245,2511.748319269769,756.2301961757208
SYS_008,8,1.0,7712.40628458185,1.0,1.0,0.9703932806193258,3511.7002667567654,1435.9120414252968,0.0
SYS_009,6,0.35723145559627806,0.0,0.9929979157776592,0.4780205142957794,1.0,10121.747695672715,500.3522715724962,4525.801975679061
SYS_009,3,0.6739059981451261,1195.5489780036853,0.9691695204319414,0.11366539793685064,1.0,10113.851716132058,173.5091233764984,9752.302247693604
SYS_009,9,0.9969770055836892,9952.334187938588,0.9728622196534462,0.9991449234156217,0.08174369188467508,2582.2640558508187,9957.371254390871,257.39868695655065
SYS_009,3,0.6558974083812763,4410.256192437217,0.7482754774421964,0.030659611249506148,0.20775180953933758,10326.272145924757,10080.720009274928,2854.948441286316
SYS_009,8,0.5400045444121121,7714.920883806269,0.2985295885077706,0.9990636297152868,0.8812475856968699,466.329509490923,9544.577076888534,9967.64104336027
SYS_009,9,0.9060781225182507,5117.262841945546,1.0,0.9605741015388909,0.372444370371502,9762.147221473835,9745.505219980207,0.0
SYS_009,1,0.5594917774466022,7431.9219178284975,0.9895929163632132,0.6693531258933902,0.00982468505888679,312.36468521216983,111.14482894612905,987.2630142887799
SYS_009,2,1.0,799.7552195891764,0.9913159351339438,0.9054597633543539,0.9117343257904259,10058.177756985047,1337.853938651075,9995.05126038318
SYS_009,1,0.8590167894434904,4829.053454358678,0.9849013605517043,0.992755375823223,1.0,9957.459034339458,9939.225767592921,454.6236557581868
SYS_009,4,0.9794927614396388,9925.15879588379,0.14103795409070324,0.9590193806717517,0.9985662952431155,9611.296353004334,7965.50954636611,10247.618410542089
SYS_010,6,0.03531786362586141,7711.8211102489195,0.5831319883163606,1.0,0.2894674166703397,335.66267067006515,10127.654093975554,954.3553923987495
SYS_010,2,0.9986821218424282,8051.360752269052,0.46534458632472253,0.8819657495098612,0.3830335300095699,9920.092837758211,0.0,9753.67257448585
SYS_010,5,1.0,10066.373461372656,1.0,0.8863286660842977,0.9345426887748504,858.8974568244435,9939.940043628516,10013.137644737066
SYS_010,1,0.3641894736174898,1394.3628127544969,0.8298304875341809,0.9916960426820699,0.48931941760329434,9924.633463938495,10051.328301102521,1239.975366755095
SYS_010,1,0.23433116620958372,4852.167392782233,0.40501757898069735,0.9821354696220423,0.0,10156.614859253294,3293.4791666168917,9970.490927629156
SYS_010,6,0.9987574551174502,7397.549345238985,0.8293473593023774,1.0,0.07312992812107388,9872.62895362881,9857.023921433645,215.5217238244036
SYS_010,5,0.5944362327894921,7618.376143478605,1.0,0.9985878764468525,2.6147102121490753e-05,10018.298654504773,0.0,10189.127691502188
SYS_010,5,0.8136477782368335,5771.460303428546,1.0,0.998775866418977,0.23963474757881376,3180.419714029167,9987.621242368883,4979.714148460169
SYS_010,1,0.8520631447120004,1475.197026805769,0.02670834681810807,0.11832119218690142,0.6820898271532976,4250.502861698495,346.01805747915495,10279.412796290886
SYS_010,8,0.9432440523265969,3069.183564089558,0.9870592065675755,0.0,1.0,10111.40551173396,61.596697078149326,9869.239366233216
SYS_011,7,0.3320777745642679,3388.147474205874,1.0,0.1922549061384715,0.9873565788664943,9688.030549086568,9805.632876907126,9895.657366486595
SYS_011,6,0.7549275263758826,6899.0023599007,0.4243591239230997,0.9749831738162895,0.9998428963234598,9835.153624320483,395.4966543834221,10173.723351845152
SYS_011,10,0.8765730440830302,2147.062332461053,0.17783069666052995,0.0686194036179279,0.6781136896059883,7052.1808312026815,9978.28983711192,34.60548591025575
SYS_011,9,1.0,10219.149165820367,0.9887057224641801,0.8459039428757282,0.9562148956133649,2083.642164616662,2942.558909187601,268.83409411600337
SYS_011,9,0.9942251678123362,1904.4795148598785,1.0,0.9752793747371578,0.6433077420485536,1303.4574143276163,818.8488717256002,2906.8821329917923
SYS_011,8,0.991746945138535,9967.53241067182,0.9941277828950847,1.0,0.9927039276998718,442.73736315538696,10243.104160614232,537.2987466323884
SYS_011,9,0.954237325924802,125.84665611440525,0.34439184087899277,0.9942241449012895,0.9840386979819046,9971.875073764648,162.30367879758603,10189.966784116852
SYS_011,7,0.9115014556390942,561.8147853285351,0.7659609718845029,0.7717038169196759,0.7856109815201008,150.77965340341308,348.1327933780319,0.0
SYS_011,2,0.9890295660293794,10150.352837202738,0.9143702199904755,1.0,0.033587912411190725,10075.168048826155,9746.976904322066,10154.048482753307
SYS_011,4,0.7322401318538264,6746.9656668123935,0.872047215645593,0.0716586441089884,0.43659025944885466,,1950.362745069836,10058.920089974452
SYS_012,7,0.3273128667464335,2433.6579238769245,0.004526680643859452,0.9953287134181648,0.6059640465386145,4886.347728914416,10166.294561073166,9956.090749950994
SYS_012,3,0.0102984488059236,420.60581642758314,0.4217085270263421,0.993109360934182,0.0,2793.9827028116765,319.65152719438015,
SYS_012,6,0.48642742157540186,6207.824592200811,1.0,0.9936705733395349,1.0,9987.065671859778,273.1354955704379,10298.51516864191
SYS_012,2,1.0,4673.164755692704,0.27387520055752873,1.0,1.0,52.29069722520761,245.29183820655598,9925.282085617488
SYS_012,3,0.06097436819999194,3834.6263533930887,0.9874603102048991,1.0,1.0,561.7917107461385,9959.993477465692,1180.6056264977806
SYS_012,9,0.7056280475605641,1111.1461374012156,0.02443080880632921,1.0,0.7414135578833533,465.83349015750935,10500.704814707287,9953.57967451628
SYS_012,2,0.4349789551204392,7647.951204188978,0.9782535124145108,1.0,0.2958095134749338,10063.507310983301,9880.82242077196,3317.704160513839
SYS_012,4,0.992751069834584,5350.2923200676205,0.9700493174309303,1.0,1.0,10102.151473266746,0.0,1550.6228552300158
SYS_012,7,0.547615765455036,10153.768683494043,0.9917988070273464,0.01201584984490426,0.02648361733407368,10307.056205710205,9917.994151834233,9676.244851766998
SYS_012,2,0.691149866381396,7398.473320879918,0.03465807956605521,1.0,0.989206539629815,2512.1528433734497,9882.869901593305,723.347939410902
SYS_013,9,0.8508862329035729,10045.218382665636,0.46952242942679717,1.0,0.14913338967290263,10293.709421650774,1342.793306632981,10014.972002468285
SYS_013,5,0.8864101835012842,476.1231728965646,1.0,0.7106026988131011,0.9878866603884395,9967.68444068215,9702.08313509514,10121.809727882099
SYS_013,2,0.5728744381510373,2476.065844979442,1.0,0.7861052015246737,0.9783174198660647,2588.404322962311,1031.6821923807825,10525.870873410706
SYS_013,4,0.10817745367185681,4796.851463695328,0.0,0.07312973323452834,0.025865701065253526,219.49827244256824,811.8586887652998,4877.506634955923
SYS_013,5,0.9079399622190903,816.2890492013836,0.9948095185412961,0.993241869116174,0.9317070776733268,9730.564961940261,1401.9822633860203,9730.744624129165
SYS_013,1,0.885255059465895,763.3558889997264,1.0,0.8866638062616977,0.994604710528756,556.7741921005627,1796.6779734610411,52.60854427689994
SYS_013,9,0.48030361286332207,1002.9488533339104,1.0,0.0,1.0,1452.9687128011822,10355.704481687444,10077.42720052774
SYS_013,4,0.4187841230535925,6050.908699389045,0.964119544393084,0.9047558622480988,0.007379192167000115,468.87738895393323,188.9720607683207,10191.63153186366
SYS_013,2,0.5996245239712088,3198.8472314698297,0.7926287415176461,1.0,0.29936373748754497,9986.927501691054,672.4068562623937,2261.6327950034442
SYS_013,9,0.2858867963289417,10022.48046403358,0.9636563745048009,0.682077304665488,1.0,957.6356386912729,10187.96913528573,2817.493175042915
SYS_014,6,0.592298923408594,10440.129760779142,1.0,0.9716878779358025,1.0,153.3614105195521,1677.629364255449,537.9618993511699
SYS_014,1,0.5398703961693849,4750.097214977043,0.986762354751578,0.16823949682326528,0.42271919054086604,212.1314003809291,0.0,9699.34364982619
SYS_014,3,0.47934748559158025,3601.3804420740403,0.9989826934723398,0.9982605678038375,0.9847739529210595,266.88601233505074,10214.488952677897,9908.546782398063
SYS_014,2,1.0,40.004957910025034,0.7486884676273333,0.42972325187946103,1.0,8749.033161305397,2399.595693440304,9974.367702238816
SYS_014,1,0.9276625352930916,9854.828619185068,0.021060573710867798,1.0,0.6033511170217585,9731.95011112616,856.7954300886363,10454.039224300812
SYS_014,10,0.38821442628891717,425.9710231805643,0.9891180233094878,0.43140441064509427,0.9842921850052184,10037.154506987194,9812.730421849199,9627.869594025447
SYS_014,7,0.9972445320617862,3870.556052852411,0.9087119285215572,0.034181874796153006,0.9065942029008236,407.21169072217583,10282.272056532824,10073.741145200918
SYS_014,8,1.0,10112.065134758632,0.97744869839274,1.0,0.13285634782162614,9997.00707719677,10147.280482740307,4835.3961558096335
SYS_014,4,0.47934590929934284,1531.170828987847,1.0,0.8126131376481658,0.9603143339997658,9725.098411327479,3316.496063076328,10048.99935121187
SYS_014,10,0.5616341907507036,6804.6835259619775,0.006362447062981566,0.2858968088395422,0.05053411895476016,9781.027223301973,10045.55515309546,1541.6992086358853
SYS_015,1,1.0,9960.763219761995,0.882990516067597,0.5526188781266117,1.0,10114.558571704323,10076.221423228571,10227.639066945218
SYS_015,4,0.2853534553362511,9731.234783940621,0.027046842193419407,0.02210866503382597,0.0,9829.016331230916,611.7725716167273,9346.277215249249
SYS_015,1,0.5546487371837293,6849.442445721738,0.9966183174452363,0.11609500976319512,0.9665573736510198,2025.7231618421315,9915.410788284393,9975.13367045357
SYS_015,2,0.7900148961352877,312.8741183307655,0.7781030427400707,0.8760031121841947,0.7258786641103373,10084.842580942035,145.60602533720703,10316.4023349257
SYS_015,4,0.5543323885833524,6028.4414611770835,0.256666372413688,1.0,0.7813076501385776,4413.710835888881,9906.596406017336,840.8670603352105
SYS_015,4,0.9779060311378289,6945.318580480082,1.0,0.03405434278401319,1.0,10138.390884337061,1897.1628920809594,10306.167222394755
SYS_015,9,0.5605624828995733,9899.526014530462,0.6633517658349747,0.8051828396782723,1.0,7275.7957893069,10064.78822176049,9990.515876865411
SYS_015,7,0.6072514666365852,9739.822868023406,0.0033737941446697877,0.6654051007307576,1.0,9945.230206825301,3443.6799972506365,10209.261931911326
SYS_015,5,0.7882655730555455,3982.2348622343525,0.9698431691897437,0.3228558458828954,0.0,10011.452895446308,1631.9041190909863,528.2329714076012
SYS_015,7,0.8713612118091627,3448.3691550720146,1.0,1.0,0.9752444557980317,9750.392446244963,10116.950725097682,9808.797258875862
SYS_016,4,0.014855013237566002,1054.148827538585,1.0,0.9782559748067369,0.9927168729547783,1677.0245647518595,219.78532250835215,1352.5885598826949
SYS_016,8,0.4259705768753831,9964.154675226458,0.01874270537204868,0.22525837125483408,1.0,603.013275301037,5211.959627848864,0.0
SYS_016,9,0.022961778974112175,2372.2676618438477,0.4838005823227445,0.8666686192770714,1.0,1379.1099591301797,10017.500696472169,127.11806341597688
SYS_016,5,0.43595668780191627,6754.224506230911,0.8758386515065318,0.2569643219798013,0.005010700642057526,,9534.465668362862,0.0
SYS_016,2,0.9093013528573318,9858.32690525671,0.9915031009127853,0.20339453475923946,0.7143599102402092,10156.500064691567,1384.8084962717558,0.0
SYS_016,6,0.9089216717602542,8300.835882547832,0.18869875390304996,0.554828838016841,0.3741689967702463,369.88180510432034,0.0,9781.407933847899
SYS_016,5,0.689495260115542,1461.116638756558,0.9990455801219871,0.8393819163469385,1.0,9062.22007550812,1191.5418997439724,2017.6302662687053
SYS_016,8,0.9678031616947609,10128.334877564212,0.08141918694738909,1.0,0.45189090429638723,9877.436387030652,5127.577041331477,10065.932277326967
SYS_016,7,0.6214017813763004,7492.029220785431,0.24181609170327162,0.9973719559630955,0.9862405583437093,2715.521363774015,777.4100083805553,938.9517316992665
SYS_016,10,1.0,7148.305042642815,0.9471781655131124,0.05353612151138009,0.9986121953654187,2372.197453498764,10096.790059952185,3101.9767632331263
SYS_017,6,0.7003852002506801,7217.691027676158,0.9132809264389781,0.0032939427599347846,0.395895168856649,266.8571366038105,4451.15277703422,9826.384361643666
SYS_017,5,0.7946989467024299,8.500783067417066,1.0,0.4643332685733493,0.10101029031010741,10125.853885293049,1677.3507210016512,10238.219943334103
SYS_017,10,0.5489227817093331,1526.3935057682615,0.009406539586015355,0.9719865224260433,0.3997902012378546,10526.557789057631,83.59071996612671,2477.4247650595717
SYS_017,6,0.8920379448956278,9777.559296305755,1.0,0.5797001722119384,0.993907200791697,10252.271556416441,10119.168243960443,10276.125166846216
SYS_017,5,0.6309045796374644,8256.83257939284,0.4497336017971535,1.0,0.5477860435205049,9641.2360196505,585.6473397591277,0.0
SYS_017,4,0.21728375686117232,9833.699981625514,0.5060455058073384,1.0,0.8462548250800604,33.5212769899596,7395.981511457027,2961.5023784390933
SYS_017,3,0.6731981526208055,4071.6833563502923,0.0,0.998668008153122,0.023608632321330855,9941.540561564389,1443.9640576926884,4287.550978624939
SYS_017,6,0.9704068160179232,9832.253469769428,0.0020895621161563264,0.0,0.24524473601772817,10126.080708944033,9865.719633607732,2920.4628867356423
SYS_017,2,0.7175199893330915,10119.183527334902,1.0,0.05679994694526996,0.74038753302307,0.0,3556.6780156323516,3031.3752625093334
SYS_017,1,0.9990952714763929,4870.835011663351,0.45787970939265427,1.0,1.0,264.0024706647763,66.36858501167636,655.7659970086811
SYS_018,4,0.36667837633220546,9846.843918538923,0.9932606432650697,0.9977200447259988,0.9302490721612742,7167.170466433063,2533.171311233515,9928.075689065521
SYS_018,6,0.9803399268564623,0.0,0.9779654164595079,0.9908111260660446,0.011633905584594824,9867.95700072898,238.86593211524195,585.5675227894064
SYS_018,7,0.011686666811097195,2839.568271226727,0.7946389652679784,0.0,1.0,9876.134831463625,10084.200427676005,5092.455016948001
SYS_018,5,0.49912651508650485,6686.819223867357,0.9836449694648187,0.9280052294944938,0.880584312593674,9931.37542996932,1180.6701375383868,5224.505991802411
SYS_018,7,0.371485872392031,9982.918110200466,1.0,0.9597053026486669,0.9952092314214986,6929.864491128791,,10243.167725947395
SYS_018,3,0.2691983049949755,9754.446501392515,0.07430083610846104,0.9825328963786877,0.02733009323813799,230.75755695601674,10160.404096739521,9668.68781598521
SYS_018,5,1.0,2260.862553572532,1.0,0.9900439455658343,0.9936432459073147,893.5299408779205,8278.219504293671,9857.383287248245
SYS_018,4,0.9770190106062073,782.3322062158301,0.9941860928930849,1.0,0.6443410998477775,8.60311896334008,2028.0450653621374,10020.571262257788
SYS_018,7,0.7066241758184556,4169.930121973252,0.8627084796897203,0.9992818247776565,0.813614452604587,10005.694404734955,,10345.667118078765
SYS_018,7,0.9941374305827946,243.245797373056,0.9812282978475556,1.0,0.9683547191921416,9656.827641216878,7316.020229437848,9400.335263900093
SYS_019,8,0.9824991499324485,3643.2864837590755,0.0009941123785165492,0.9709550004862867,1.0,10294.281186758846,9952.995028636853,9865.702074698023
SYS_019,6,0.8840842961369768,0.0,1.0,0.9941257296529977,0.45517689398355504,837.8831821682968,9628.583942440782,9664.078824736936
SYS_019,6,0.63492423803145,3594.2524593869493,0.9834491376084542,0.9626624645188427,1.0,85.27994634390389,771.7762219873495,0.0
SYS_019,1,0.9434227504217749,6659.159271957105,0.9878014355999141,0.7957858834271845,0.8905838126433299,0.0,135.09573302684691,1144.2231579349648
SYS_019,1,0.8281510112237582,3086.206325298711,0.9333085719243196,0.9798649679547494,0.6414252144412838,9854.36309768557,10011.248169551422,9883.059935782308
SYS_019,8,0.9446208895937345,9950.730412287465,0.6021766744770871,0.17967162332028175,0.5724496033380012,634.8055959554877,9338.4990480349,9486.914489420968
SYS_019,7,0.46724735012790347,10356.609947930978,1.0,0.6678893564285203,0.023179159090900722,9976.578795562958,3302.474945928425,9965.165680449634
SYS_019,6,0.2694326903381894,7530.916937043845,1.0,0.902541413213961,0.6204040369792956,10300.466912850934,9799.61896999948,10447.602910245258
SYS_019,7,0.9923869380154866,10224.380623479301,0.29385483796826717,0.5787325390101407,1.0,1545.2240157559017,10150.655999559775,3852.7819001279586
SYS_019,9,0.9609395507552421,5210.03761603809,0.5854934166637864,0.8003644525666194,1.0,2537.8866743991703,10373.647125181526,189.17130852673066
SYS_020,2,0.7116062095976761,210.53153700694713,0.9350334990418048,0.0,1.0,664.5410778809234,712.792710206564,10344.674469209553
SYS_020,2,0.24329567515118647,10102.43200087539,0.988445250250034,0.9611112612426868,1.0,2592.07783278717,216.3366670795534,9989.133957730828
SYS_020,5,0.5090183241108425,7066.417683068276,0.36313869603743654,1.0,0.9828626203051208,9831.169874720645,10007.201408607816,10423.889054700127
SYS_020,7,0.591671806990446,7034.349254357973,0.007926929504130062,1.0,0.6870890587244286,10013.312757796824,10045.472780315855,0.0
SYS_020,5,0.7680817941088881,4783.44029928664,0.9922249953397815,0.9927835256177817,0.19370112116708793,9736.666303550244,10022.72729648043,10317.903555153258
SYS_020,9,0.5055157531248399,10044.955681288515,0.9963631852952971,0.7223650551163515,1.0,76.64636381007664,1216.417391662442,10266.016109973756
SYS_020,6,0.7371429966121721,125.70258539578052,0.9964424785555359,0.9993972852393903,1.0,191.518304801329,9801.18063439942,9992.847383735594
SYS_020,3,0.9685828198854647,5764.862870095083,0.8139082695758182,1.0,0.025539726111550864,282.0635719983358,10349.43157614417,1798.0241395024832
SYS_020,2,0.3834868461899345,5214.325602394845,0.9915318290173136,1.0,0.01592925789372267,10110.759637486197,10096.351816158181,0.0
SYS_020,4,0.44519078987555655,4226.844109589533,0.28762100395570495,1.0,0.9648505945854555,0.0,10182.46739514289,0.0
SYS_021,9,1.0,9968.102379173773,0.9660324667094845,0.4821129832498878,0.05693994722737413,,10087.675689797356,664.2658288507396
SYS_021,5,0.5249071785058239,0.0,0.4211989696059462,1.0,0.82148223087101,302.32993281965037,2706.8800936556613,10104.279440423577
SYS_021,2,0.6678288934902198,7791.10819203814,1.0,1.0,0.9810605214892478,0.0,93.15246305154847,10017.416703970817
SYS_021,6,0.8300946678000458,9717.132704167168,0.9227017963045,0.9920435186666104,1.0,9966.510688644932,278.2752906136776,3463.020203427849
SYS_021,6,0.6993842597236288,2366.032443738385,0.12790896403206933,0.1117465351888954,1.0,2095.611809730344,,10298.479349989939
SYS_021,7,0.040425806507118286,568.0875775272195,0.2484174994485794,1.0,0.996166726255724,10078.620268455094,5106.057288135081,10065.473735978581
SYS_021,10,0.5806640241347671,91.86590999052122,0.6504601159132459,0.9964232963503168,0.0,9719.842364226808,602.7545959901586,9878.05603091699
SYS_021,7,0.6838121919863968,10194.34909904699,0.5681982674337271,1.0,0.15150753117039892,467.7703937995084,8077.285335838087,367.3695212975188
SYS_021,8,0.9427894191497183,3451.364451836398,0.3012605631833923,1.0,0.9789631843696821,10062.938660710157,103.97788902208707,1758.4966433342272
SYS_021,4,0.5307944977268231,348.64352657267943,0.08841264776256505,1.0,0.9539218470893271,379.49957950407867,9854.753566396534,10136.789258851013
SYS_022,2,0.16662757488633959,4598.333636366399,0.2538018565721007,0.022904158803959414,0.7107417073061342,,4132.31250979089,394.2728029625704
SYS_022,9,0.46356636978409815,9933.454663238372,0.9936617823821265,0.758623426140978,0.9974966012779765,2813.919137221481,3017.8753098458933,9990.222313850238
SYS_022,5,0.6853128135875705,2143.5612424188357,0.6105768304734394,0.0729863503060277,0.5911404162934649,10086.07348470727,9829.922912433147,160.06000334932287
SYS_022,5,0.9799339391552865,4641.950334693245,0.9926037723553884,0.0760005849319164,0.9914403479615945,415.28575108888947,4357.620775788366,9907.420263358901
SYS_022,7,0.12969820940649826,3737.138206768257,1.0,0.9945847667101422,0.020314483095445823,4496.893445917912,9851.555935597053,9887.971828132606
SYS_022,7,0.9404015482991114,6951.853376469149,0.9967203056486598,0.12087902131508989,0.9605853489764877,9806.223199370028,1524.1374186489395,1717.5107580062233
SYS_022,10,1.0,9992.694729655108,0.0,0.9750796965700516,0.10882193029119788,10017.652072914872,176.56561934749215,
SYS_022,1,0.9403083509995257,9807.284312302665,0.15139996044045867,0.9855107443019533,1.0,1000.8386016837186,9943.179157797325,1121.4862894930693
SYS_022,2,1.0,4266.842825814377,0.5249142912707854,0.8353051980656115,1.0,1681.1335385563987,328.65062132703946,10173.903646707704
SYS_022,2,0.1311500105452016,380.82611563734724,0.9805908861902796,0.7607697113299933,1.0,81.83549690960672,250.77920518001264,9909.961217236103
SYS_023,7,0.9951017531684293,3540.699996844109,1.0,0.9968771227208496,1.0,9868.650659219064,10112.447393660337,5181.060688370975
SYS_023,6,0.5120811848588877,140.62790252862865,0.1868240942998526,0.020668715189984133,0.032745445859090984,10078.838455359484,7987.1588668031945,10001.884945455335
SYS_023,3,0.8227902255508974,122.83683029283506,0.9910887756147826,0.11519699283987997,0.014616925849419145,10469.710725267045,1966.0978635908007,5070.76099830156
SYS_023,1,0.6622021202592723,9799.752193915898,0.7822694999174026,0.9717207989353337,1.0,8532.267329094182,9892.175350091515,10055.76158926146
SYS_023,1,1.0,5163.806644940241,0.9447160953849215,0.9732558082105817,1.0,9987.028001683351,2357.789635583426,12.706767204078403
SYS_023,10,0.012011477484141084,7834.219671004137,1.0,0.055202681922272595,0.9760699945128004,9817.235561192876,1283.7236348133706,0.0
SYS_023,10,1.0,66.73173610222858,0.017841379455654983,0.447989810943155,0.010919188903935057,0.0,1216.455263011466,1534.824856800143
SYS_023,1,0.9776888117447893,10018.76277276148,0.935111590450719,0.6176640371876113,1.0,10149.084202128008,602.1336800100653,9812.490406296198
SYS_023,5,0.3875877496580809,6389.026401682622,0.0029039064251579136,0.7266864724671452,0.9739534740058494,0.0,10033.996761680492,9639.592658531672
SYS_023,9,0.5683082788075191,1519.641531681656,0.9994403951149363,0.2907898821761806,1.0,10000.58949407772,10142.73616078781,46.96580523162888
SYS_024,7,0.5131471115964664,963.3825780037334,0.97705501672927,1.0,1.0,10315.188969901112,9814.6689460593,10203.291380925883
SYS_024,1,0.7348058386166197,,0.9615550692095073,0.983905607712081,0.9729755262251525,,,
SYS_024,6,1.0,9773.85159703718,0.9969459117298974,0.9872394502135579,0.29918157132951473,10032.972593106022,2631.3522343241,10078.671352168754
SYS_024,9,0.710552812868766,1929.8481885225724,1.0,0.9770754851049599,0.3790230568034445,9763.407092959642,10104.878019992453,10169.678979494682
SYS_024,9,0.4358326361306691,6821.582726994873,1.0,0.5729251493800096,0.3836318127402451,1069.9795430092158,10149.927823823673,586.9506651751277
SYS_024,10,0.30376003441554655,6685.744423244559,0.8857894336276038,0.010510001222117663,0.9680956436260592,10386.405784429739,10114.02058476028,9797.98612182133
SYS_024,9,1.0,5343.390504404537,0.9701985461725022,1.0,0.9910540514202741,,,4025.7307076735433
SYS_024,6,0.9404581228468747,5191.986249896755,0.7971107161188604,0.00419357000447557,0.5519453180841326,10109.87983103049,10028.910001169304,10128.78038996803
SYS_024,3,0.8903331005728773,408.3974040230018,0.9948503726686987,0.7569663819986173,0.0,1609.701407997895,685.4735976950313,1299.1701853590434
SYS_024,7,0.4198677599188888,7156.565907272219,0.0,1.0,0.5399106822080726,2311.4663719578402,10046.354455875633,10012.936570424654
SYS_025,4,0.4611326380121463,4981.053255164435,0.9959374522384652,1.0,1.0,10158.832120665447,,10174.231092927826
SYS_025,8,0.9840814588842624,9951.159699086296,0.0,0.02587664507183419,0.26865329561443435,9907.14154233697,93.33368881797142,
SYS_025,8,0.5710821332223203,4981.71381574541,0.4571105709490637,0.1573281431349917,0.9879036206800428,1766.1670513561487,10096.51537758611,228.5598326594354
SYS_025,7,1.0,5004.409330612621,1.0,0.7985304776173862,0.9842632948693709,10568.262848215367,1679.4654846193257,4749.181330485824
SYS_025,7,0.940461516561286,8444.606498499734,1.0,0.8995516097321904,0.2375118435499008,9691.625311450387,,10124.241237950017
SYS_025,3,0.983506574442006,5923.397179636107,0.9465272847302587,0.723616690405511,0.8774607468003239,10065.237762253159,9797.695785574295,
SYS_025,4,0.4202695894049105,0.0,1.0,1.0,0.9061652312116132,1562.6766781840854,10708.76338151411,309.19207206054455
SYS_025,5,0.3716140797842746,2018.1859103752472,0.014419477169833888,1.0,1.0,480.9881452027197,0.0,791.1012102182287
SYS_025,2,1.0,1663.1591365954625,0.9919629714012483,0.0,0.8925248906559883,4260.337284634531,2052.732936542516,2870.428996900446
SYS_025,4,0.507311584661694,6693.374792197047,0.9852597179196244,1.0,0.9712214504554538,9202.6249667158,0.0,
SYS_026,8,1.0,9515.161744520468,1.0,0.003168906705227208,0.31721898665951814,46.94590828979342,1787.2829627599144,215.4907041161337
SYS_026,8,0.9961349922464077,8140.371602052761,0.9846572084447168,1.0,0.6372287277837672,2025.2081681895015,728.6333914780672,3166.667393705388
SYS_026,6,0.6664807848962985,5112.308605838668,0.7899597274216471,0.5448602705862776,1.0,9999.601774097955,10007.158542952702,10078.729693976096
SYS_026,10,0.9684428361250882,38.455683655845256,1.0,0.9932524514700826,0.35374855273319683,4545.012245631392,303.78959866839443,10259.964664580717
SYS_026,1,0.860762320213383,507.22563356737766,0.9965685680181151,0.6410967035180798,0.23901011546333945,73.68822748008671,180.24868458034993,0.0
SYS_026,8,0.15317918361418167,4929.7692437347,0.2341708098892334,1.0,0.41048516453061806,578.9873078561709,9549.636783371803,862.4592124107426
SYS_026,5,0.9328011905762991,7311.116508899874,1.0,0.9842045289495365,0.2425978882477705,458.69869352807405,10137.690462102773,654.2867772247777
SYS_026,7,0.2929176844923415,10079.36302808312,0.9871938712974594,1.0,1.0,3365.8015029822373,10006.731360437427,10079.299663356718
SYS_026,7,0.9375938655702777,3968.846733388514,0.991019548810934,1.0,0.9635692363357683,553.0894449492557,9894.626925612794,1728.5906089431792
SYS_026,1,1.0,3832.2740032749416,0.9238644503933949,0.08157113460439626,0.9584771339535187,,9909.79801603576,10010.147944840353
SYS_027,1,0.538039479513897,3032.2679521061955,0.01743218516584468,0.9909838079463552,0.02091003935661399,0.0,1433.6133211333527,735.7808613273462
SYS_027,6,0.7111722181875892,3346.453385250784,0.9542412810880353,0.8920116530418924,0.019963488849193564,3208.546658897197,0.0,5724.710161250387
SYS_027,8,0.6774277553168996,9913.600353837312,0.9855033987405761,1.0,0.0,9964.951170266162,682.4427609996405,479.75735819860694
SYS_027,10,0.9997003563296756,10033.998685608254,1.0,0.9693047158662483,1.0,,10261.148229561493,9611.08425678052
SYS_027,4,0.0,7236.234592236108,0.012486489487770668,0.7122340587019801,0.40927524393863585,10136.164532181236,10452.605515778298,9753.318282131331
SYS_027,7,0.9695232112377593,2175.9876007937582,1.0,1.0,0.4833299807623555,9703.54952614014,10308.580006224787,540.3749664039098
SYS_027,6,0.998004763978407,8062.412388337221,0.0,0.9547015825257309,1.0,869.1382658330194,1385.5361079835386,10274.927664905726
SYS_027,8,0.36349879482331654,0.0,0.9980165950936895,0.02077780031669992,0.9778969606907327,207.62137442702996,90.61003618999078,9558.69030336806
SYS_027,2,0.6644837714597398,7984.095428198682,0.8874168253041094,0.4573752952356633,0.0,3162.2275107745204,0.0,10178.9061270807
SYS_027,6,0.25752890841506215,9969.993554077932,0.3662928500741501,1.0,0.016406631739535806,10102.523953091606,9897.696296189879,9564.253353659527
SYS_028,4,1.0,10275.8121695578,0.9555866384290685,0.4884518320089545,0.05867242621174895,,,9994.013700045947
SYS_028,10,0.573705537735615,7258.6054764398905,0.5184426461569259,0.9936924240401812,0.325617136059665,10162.460578926268,1347.8388169872994,51.13109507750005
SYS_028,8,0.052603897211444935,10110.278928393762,0.022808898690092776,0.9799757087943376,0.32589387834953415,9706.875362555422,6632.438830338462,231.84672235146644
SYS_028,1,0.9410697029642062,5364.182194033867,0.9910794437097546,0.7963443777311966,0.9715596378193494,10367.853069426015,10080.433531506167,2036.947431014835
SYS_028,9,0.9924766013419134,10069.235329710511,0.9872128496956576,0.19203169621943228,0.9705200208432361,,9788.532874387754,2155.369738972918
SYS_028,7,0.8744281979314116,9868.880234126054,0.9825678313646101,1.0,0.9971163477340119,10105.951956302028,3851.06308032193,1531.088742905719
SYS_028,7,0.9698752124328369,9892.465560569079,0.9082010607801885,0.8745002575628881,0.9909296526880038,9845.629969940146,2416.655002343385,
SYS_028,5,1.0,10000.112784565674,0.9568395317896071,0.9860367805693052,0.9991864433291049,9759.57912649896,10239.033304270011,3757.9345280539997
SYS_028,7,0.8952860457575504,727.5529384353008,0.19340819765071263,0.9154785604470191,0.06749505260651331,10216.415016266215,755.3672788763959,0.0
SYS_028,3,0.9546163550196309,8236.037961825477,0.11566889972774735,0.13106458815155253,0.7453215246324029,10046.295335493898,647.7477276166214,9773.438241664826
SYS_029,10,0.9827488974161421,3408.8241355088003,0.045455729308247705,0.0,0.4812156631617082,288.30723456189537,2435.10714062005,5203.544021977077
SYS_029,10,0.9956789461487908,1100.7216822126934,1.0,0.14642579946090917,1.0,8295.846037090449,1032.4636861000913,10080.746666241783
SYS_029,1,1.0,9717.80350532506,0.5893647268687305,1.0,0.9860851311522935,225.3928026132704,9655.526146347946,10022.939032761757
SYS_029,2,0.4302775654757713,9859.805923872993,0.9930808077892052,0.032330826191218735,1.0,1486.511274583855,9771.520972603093,5272.487614107219
SYS_029,3,0.7110515770004739,3467.9924347351025,1.0,0.9953773603150623,0.9961711565171242,9956.69165416947,10188.222267794574,
SYS_029,2,0.6711513286848211,7820.432202671401,0.9838489561127968,0.0,0.35001073128005666,338.3212790347603,1927.1113258887299,9714.151477909314
SYS_029,6,0.9845444291771115,10195.867020914155,0.9906843238568189,0.9523395109441989,0.6450851847868335,2037.8096676615046,932.4755121373291,10158.33130779992
SYS_029,9,0.7887827612533628,593.2341559274269,1.0,0.9867549357821801,0.06138727645056121,10190.537981904508,1199.208915953366,9740.751295802374
SYS_029,9,0.9208566440714482,9920.206465627178,0.043058430733695426,1.0,0.26924330881644226,213.18741965613012,10147.864224906452,1667.7816522332305
SYS_029,6,0.5343600680935904,9928.764514258331,1.0,1.0,0.020892791985867423,,499.11292105157315,5114.707782225725
SYS_030,6,1.0,7756.407552327759,0.9979486050085572,0.022422755936869425,0.9894667489500886,10596.45770848537,9984.88447049759,2186.0547210802733
SYS_030,7,0.5593535068326735,0.0,0.8459240243075856,0.12339812733908129,0.9873114788492192,1520.9820868263002,4121.768360431265,255.7363412306131
SYS_030,3,0.7172668304702537,9645.846059394238,0.9528008470771355,0.008968253204944883,0.9905427098845778,207.01436067049278,10191.89668109919,10479.7548758195
SYS_030,4,0.945996509450009,1172.771739025203,0.8593039134827233,0.9124649384119515,0.09449376185618573,0.0,10473.023280673424,4289.4018022394475
SYS_030,1,1.0,6266.7772638005745,0.9960305678206206,0.35326041070668035,0.013472416689351011,2345.780830860526,9746.08465195601,1104.6228868835613
SYS_030,7,0.9326765216376348,10021.116123824293,0.9961102513854836,0.9483906165437497,0.9934635210433621,9551.185281495042,9853.078836222294,1420.892372392362
SYS_030,6,0.9226902209028653,4391.530064862852,1.0,0.9870079891266362,1.0,10173.295381554792,1078.72581585904,4928.627341446893
SYS_030,1,0.31412306364513315,7968.937684621352,1.0,0.9913831438737649,0.9699456471475558,9722.235482114973,441.81031123014714,1788.6124370964758
SYS_030,2,0.6253879132720985,4608.440786224956,0.23639891788796644,1.0,0.6580491961081197,10197.919227274417,514.6526853365579,10174.962050979631
SYS_030,2,0.6773290141409122,4816.42647266253,1.0,0.9841772660459747,0.024524458494755222,5030.566814439939,10028.601639247594,3467.881006455052
SYS_031,5,0.9047510698126818,8287.441194738001,0.3291937700567256,0.8185067707688259,,10028.076073601285,627.7693761835342,
SYS_031,2,0.6057672036659353,,0.48498394961792257,0.3234798658366892,,,,
SYS_031,1,0.8413495172038445,4431.135535490044,0.05948598801833466,0.011548413488861441,,84.86203926145481,7500.381653392618,
SYS_031,1,1.0,6761.258149647011,0.1679962226485565,0.9840665500699893,,6643.888163751946,10023.595449926825,
SYS_031,7,0.9884415498517827,10108.894514069729,0.2585737413778234,1.0,,,1070.7176834890906,
SYS_031,9,0.8034993867202561,0.0,1.0,0.21827762915731,,,539.2585143186527,
SYS_031,8,0.6822138335889829,7067.816198813531,0.01885056273892425,1.0,,,9967.383590776039,
SYS_031,6,0.050804609096043236,5286.304593053563,1.0,1.0,,10265.162685542866,330.49869793764265,
SYS_031,4,1.0,5301.787356795971,0.7247646083090128,0.9758735623402714,,9993.66573971091,233.77544846145508,
SYS_031,10,0.9990303807804592,9918.520509576781,0.974496273408711,0.1408523454516986,,9802.898969713395,1425.041540019215,
SYS_032,5,0.9716181247704642,10163.78550657898,0.7491038168010824,0.3296034959753937,0.0723461656003442,3672.5569174925513,10234.91692298623,3558.064256360958
SYS_032,5,0.7547608696750784,10115.278499959064,0.5740442601583386,0.9699303188014164,0.6911542607159212,252.99718952274054,9998.940319469131,1260.3814948549177
SYS_032,10,0.9400948674651023,5763.38381169055,0.07779136314391177,0.0,0.44827926699884724,0.0,1836.4867961793639,10051.715918280754
SYS_032,10,0.56511318832085,7061.121983885068,1.0,1.0,0.5874484250599699,10109.260096921927,9945.796831798358,4899.419890885347
SYS_032,1,0.821350636845723,26.927945747565374,0.9859824886005434,0.30258095447480854,0.34114996791667834,287.9796403216575,10378.643080258316,3370.837737158243
SYS_032,8,1.0,1939.6763819959292,1.0,0.9924109135766959,0.08551257990366132,0.0,9655.047112553102,8530.36549009553
SYS_032,8,0.5780641191098744,3827.0267262977964,1.0,0.011917964160062432,0.987783490433838,2952.021310631862,210.13224383597262,1393.075274473467
SYS_032,7,0.40096875845624685,8146.457300857562,0.9842666853312433,0.9948299555310676,1.0,41.9911122833487,10007.911108934535,8637.021302359424
SYS_032,5,0.9974912113806207,4497.872684838438,1.0,0.5010556368732662,0.9837934913866211,8268.292533504185,1200.174605771288,3537.489816276603
SYS_032,2,1.0,3646.4113332976553,0.9853413998244435,1.0,0.0617828536758989,10240.078421276305,1737.8046940124962,166.1206259470365
SYS_033,1,0.9736088762204778,6973.858186650098,0.19488957160744655,0.0,0.3584789734305028,1056.118443080232,9987.589927014376,10605.85785859765
SYS_033,7,0.5751040364657573,4481.248994933526,0.32789989839522365,0.21330096981040567,0.8145868189017988,0.0,236.24089023834023,
SYS_033,7,0.6340039992191778,1238.66292039776,0.9715313924764197,0.733188904389892,0.9866867979861487,9680.555138215166,70.33174934048229,1833.9130276342107
SYS_033,8,0.20696911911664678,2856.897556955884,0.04511764759627199,0.4441254700078306,0.8806947179944936,2609.6180753969074,0.0,1862.405474997504
SYS_033,9,1.0,7144.842132142281,0.024013714636346502,0.9948630040048518,0.497911364215943,618.8148935223982,9716.400946837937,10071.565027112305
SYS_033,10,1.0,1984.3741215568775,0.9921513584999372,0.05175238248755629,1.0,10081.563991928851,10038.688199500513,996.8249230775043
SYS_033,7,0.9267209842334271,4895.204408977459,0.8788393008416723,1.0,0.0076897851518090985,10170.441645552302,9612.57214091234,144.56540581968935
SYS_033,3,1.0,9878.990919769598,0.2303765325175894,0.5659717537055168,0.8192844837786246,9890.09269330443,6782.367528616074,9983.023498402128
SYS_033,10,0.871790151052573,6800.08178616419,0.598028162506,0.767385814477381,1.0,9963.559308934411,177.48032603683134,
SYS_033,6,0.9841788255784931,9994.981507801229,1.0,0.9967563370550474,1.0,10219.034037743497,10261.379032224879,8971.968729512848
SYS_034,6,1.0,6793.5397305641945,1.0,0.8754505563442556,0.14080611133916832,0.0,10516.17596611535,9926.83882172225
SYS_034,3,0.9971760045559047,7379.981537397972,1.0,0.7458421442846538,1.0,9800.551410922111,978.7680589070023,10173.73044817999
SYS_034,1,0.2237455377883766,5851.562526232931,1.0,0.9767727635941134,1.0,9948.611188311002,9809.92871505022,89.83534633078624
SYS_034,2,0.7824932341522006,1851.469353523596,0.9669147478293867,0.9799922925221366,0.12911955092461183,3745.174371751966,10114.747750962624,10088.35514454731
SYS_034,8,0.7426252532162247,3781.6190185528644,0.9843094928001014,0.9890743380127109,0.2735384492876004,10353.142734933595,10410.83950570228,885.5881977510812
SYS_034,8,0.9596790299408116,8039.094576925056,0.875090182748968,0.8226013011641682,0.994364229748109,2465.84243957895,564.2500613016035,2172.5137280679805
SYS_034,10,1.0,6689.409452964255,0.04337545848266614,0.006178360198799079,1.0,9843.871779606394,9772.589026259644,8660.796817825769
SYS_034,5,0.8302488512430624,951.1290037029949,1.0,0.6603132155069065,0.09942225528742958,10233.300485107437,9969.129578704269,9941.442654259883
SYS_034,3,0.7041884995337744,4465.783292425617,1.0,0.16280618225228394,1.0,,10186.82903773712,648.4939070120905
SYS_034,6,0.7837357761773069,112.45852640912547,0.5637665428654126,0.024138513700417225,1.0,9634.017366961416,246.18786998258048,0.0
SYS_035,8,0.571863855987641,6973.782934682239,0.9870034245074519,0.9964726702467231,0.9937997276337299,,,0.0
SYS_035,8,1.0,1930.3326953938313,0.9591059649116122,0.9775417118336803,0.9785395687409929,6484.287133666231,2010.0343932521964,10043.758767598414
SYS_035,1,0.5214613005727867,7894.038347164068,0.8029717414313912,0.1825265881441931,0.9943522051588974,195.37221897065714,848.0748372324422,234.42400877698387
SYS_035,7,0.9947813787477872,3578.661137325414,0.9636341343999542,0.9961923998774853,0.7928852274239069,303.6636759085344,,
SYS_035,3,0.9998776658741803,9482.35049655848,0.9953238835469633,0.9809833738807,0.9714804480713081,320.84910418719113,,9749.511850506633
SYS_035,9,0.9903270981463075,140.92292466128876,0.9438611619363934,1.0,0.0004215162723914753,318.35649890807474,5123.079751954909,
SYS_035,7,0.9985506989920867,6583.348162374755,1.0,1.0,0.8781451730001222,10036.762362280277,,10019.463281446
SYS_035,3,0.9898623461093288,4982.4787983032675,0.9680890088002753,1.0,0.9919403289553503,9874.89856087136,2594.1820282092067,10248.021519220858
SYS_035,9,0.806046214124315,3783.4959594452894,0.157009890044198,1.0,1.0,1833.189802423304,9795.23152250004,9873.65839241117
SYS_035,3,0.7640491934492364,4472.353443326687,0.9119590168441655,0.0,0.9828599756153489,1308.6917478771493,10292.25806062872,1717.8934112845773
SYS_036,7,0.6772998337563574,1211.0502445442644,0.9943523210395906,0.7643194587875751,0.11776657883846067,69.90988817544677,374.18740791942685,570.3642824958471
SYS_036,1,0.6810925500344776,8940.025105979405,0.7507508560743406,0.9650005939536933,0.9849096979591305,10042.516945454763,1800.3214727608597,1887.1973221437365
SYS_036,4,1.0,10106.212532005042,0.4417617940365447,0.8827755290074737,0.965417750255444,784.8759449390863,588.2063281960109,4654.945624084736
SYS_036,4,0.43664460150154094,524.5402322009854,0.9523272726163833,0.723762317204332,0.5049125991558852,10332.189747128257,10178.644269171738,2605.672307765236
SYS_036,9,0.8595610593151208,5626.6819077248465,1.0,0.02058527515491456,0.9908585980133262,8653.291319203176,5152.0015865343585,9922.892474178267
SYS_036,10,0.9554008944865663,10052.792615795546,0.9957832432047694,1.0,0.541058412500035,10025.819330155142,374.2474804671281,795.8922592391687
SYS_036,8,0.8896424806966071,3410.3642892377043,1.0,1.0,0.3091072800207304,877.2335465587396,1027.7015059782088,10139.439641205341
SYS_036,10,0.785154423876195,10036.24242932061,0.06533761054711035,0.6028545140519842,1.0,1581.9621234730246,1712.8365374023274,3784.0098608753297
SYS_036,2,0.5988170578932668,7109.896438617338,0.9140746708250604,0.9944339316021161,0.08862256373397788,552.0126972500125,9420.261020699434,2615.5603854106075
SYS_036,4,0.7263068411157245,121.83197090579905,0.996044541910824,0.35441517870464084,0.09072572509705475,1415.5807936553515,10245.150636458078,10407.29810637441
SYS_037,5,0.5055402676911486,2261.4175342649155,0.3227220173535268,0.6973798735757079,1.0,213.64651091118782,10224.007147339456,205.20783581844285
SYS_037,5,0.5214372049495066,8890.216543065882,0.07975436431365981,0.0023023466115762803,1.0,10079.071022122378,10297.926071854916,9699.27722915733
SYS_037,8,0.9977114170580742,0.0,0.0,0.9667479784293007,0.09501867723520449,1709.210245773082,1184.2076293300097,8371.268614974008
SYS_037,10,0.9965250820061798,9362.555568444643,0.03588394892952415,0.9898036563352118,1.0,,518.637883541091,10223.896812759212
SYS_037,6,0.5271661891372993,338.64028802998484,0.9957854696812427,0.8837791470815529,0.0009505511167532052,10196.343861828394,8333.823228528796,2769.571336147239
SYS_037,6,0.27841746204093043,10320.434478698924,0.9780472274943173,0.03928604282956466,0.9384447003693709,1535.1582576552637,2336.991059256872,6.711341767253288
SYS_037,5,0.3115097934437174,724.8388943963685,0.6216254488123913,1.0,0.17965413966975904,10053.207940121249,10231.999539122184,10396.69255189567
SYS_037,5,0.6479083542466312,3319.2617632119577,0.9909471289954136,0.0,0.5268853848079887,10384.597663924582,1651.7318659713847,5142.176876278015
SYS_037,2,0.6852724187755154,3801.826121324766,1.0,0.5609758061381285,0.0,10231.899224501733,9626.940132763972,10101.569998910314
SYS_037,7,0.8245156993535032,5189.101616047627,0.9883817832964868,1.0,0.9294474072930251,9986.81657014466,10128.412735800795,10095.481268591782
SYS_038,7,0.07991453620284797,4232.938064557663,1.0,0.004622271910216237,0.017328581632723297,9634.438721279043,9831.441633655706,0.0
SYS_038,6,0.8639318512883353,541.1650750802041,0.988667621050119,0.9648499230846488,0.0,286.6161350453353,9631.791164681652,9975.70730862637
SYS_038,4,0.19834476671114096,854.5772711746347,1.0,0.8250602626063546,1.0,10341.686527438473,10080.533196785504,4588.3379079594115
SYS_038,6,1.0,777.5464582675055,0.9798723280872027,1.0,0.0,4425.0283995352775,4765.6465874965925,9517.230925775362
SYS_038,9,0.6221945512041556,3954.1059377834554,0.9943812588409655,1.0,1.0,10018.079420551547,1418.423364628858,594.113456359326
SYS_038,4,0.9927595001773278,418.1533262633068,0.028855727045808403,0.7020760651177431,0.009655831810825896,10036.223214226206,69.92440583655824,9566.198105764526
SYS_038,10,1.0,5005.840886114373,0.9962260390512124,1.0,0.29737521058949257,8266.555372530891,10171.043759040236,9794.93948795946
SYS_038,2,0.460858778586432,5312.153541659235,1.0,0.0,1.0,9914.974739680723,10111.787419547896,0.0
SYS_038,1,0.5690873112273092,7899.564899847148,0.0,0.9981397193615088,0.7642781722323465,106.89304166604077,10224.308347614626,216.9033295377939
SYS_038,10,0.6331688630879289,10086.541855078221,1.0,1.0,0.15577595236349615,1133.8583013970142,2280.2528188708993,4778.4172155373335
SYS_039,10,1.0,338.68049136129787,0.43054594488548725,0.020925488249761273,0.2763734746516682,9837.0170378553,53.619278745440056,10278.670542605809
SYS_039,3,0.1523121143301971,3652.5354190712787,0.9709588349576291,0.4885891772527673,0.0,9597.576912612943,9969.0797683928,1428.1842582667255
SYS_039,4,0.4078748633515025,9779.354084120108,0.20258349981968043,0.06110978280402685,0.3758500460589493,1061.8233863067017,4403.616811239028,1888.1418447767892
SYS_039,4,0.5360462427219644,4504.6672427618605,0.9847399894450347,0.6217549772600325,0.4421974669533143,10203.24568420598,10056.20313941952,4730.445954848092
SYS_039,8,0.854036683936068,6591.369693928197,0.22360270049017503,0.2672891272174727,0.9078591353771652,543.9210119001476,0.0,9404.514490437916
SYS_039,8,1.0,2867.979023617374,0.9691186756423473,1.0,0.9796281838872554,5186.621838679848,9925.754671736027,5039.774208437438
SYS_039,3,0.6503743687049957,2218.937139236595,1.0,1.0,1.0,10149.16576081775,843.1825308284897,1490.2616613334324
SYS_039,4,0.6286201226551673,5324.123993452681,1.0,0.9944372262051712,0.6863403502433655,1707.6850468784166,585.7443931834684,360.6434870083725
SYS_039,3,0.6564341833342576,7558.657348293154,0.40964148364673447,0.9989347935175388,0.17613436734380805,0.0,10155.850216976962,9789.044130049328
SYS_039,4,1.0,843.3599041173998,0.9790552445033839,0.984467625388002,0.9951491218405597,2604.776170440459,10272.750635658304,9820.37004089292
SYS_040,1,0.7452920519301213,398.36634871713545,0.38998347374157954,1.0,0.8161496859248832,481.5643750944036,9817.17279974425,674.2935545184131
SYS_040,5,0.9905201728436611,3080.9158891820703,0.9260718664247942,0.3908008840004993,0.9959653784986192,9765.57818030264,10433.038267417624,10310.527697072019
SYS_040,2,0.6120870574052275,228.1023347076839,1.0,0.2803828971603151,0.005262559576850168,4817.1615640896725,10206.19558009772,2976.399402391418
SYS_040,5,0.31223148598096573,7061.223167933719,0.9911746049999604,0.048667898373749706,0.9961236511354136,10283.151620678016,181.5363483225378,0.0
SYS_040,3,0.2516024060699189,1346.2055705822413,0.9610433479636727,1.0,0.6372662813986226,0.0,701.4576797449857,7240.364332774281
SYS_040,2,0.5965407944925311,4518.65934041692,0.9890780190940721,0.025803802759567188,0.6563989948909922,0.0,654.8961938029976,400.54471270127056
SYS_040,9,0.9988420425189587,14.447122880035652,0.0,0.48101416134389197,0.9894468205047093,10129.6408417341,452.26819983060545,10087.455926462602
SYS_040,1,0.0,8354.241094558867,1.0,0.1313922142293954,0.0,223.99658584319363,414.1023903371297,4752.588139636154
SYS_040,2,1.0,9952.934251463825,0.4780411408742285,0.1217798475475324,1.0,1346.441757173947,1886.798071419975,833.9022769030344
SYS_040,5,0.9703439204704847,9057.133948160686,0.995788235590305,0.4134068184063175,0.023943200033522384,561.3057754612752,8075.42754246257,10046.745785371644
SYS_041,2,1.0,7680.696664619774,0.4465482760799947,0.5785186719755887,0.2629704299368548,162.55175168442122,10040.734622171065,10220.760842577241
SYS_041,6,0.9906826845403733,10046.464586653607,1.0,0.9948859312857119,0.6928095408200697,9861.384104676314,9674.768705089993,9467.212744194761
SYS_041,8,0.6662064823181539,3484.3230572816565,1.0,0.985645242853547,0.9681054737520953,10281.275226759102,2.7638522827444234,0.0
SYS_041,9,0.05559173376025091,1709.3325063781099,1.0,0.9778102198105728,0.5411070309540965,704.1343357047346,4460.737051265838,10284.206268650409
SYS_041,6,1.0,190.87023834060454,0.14855211009818312,0.9919077687249486,0.23582687691488882,257.88183951539025,10183.017448332042,9841.80652597893
SYS_041,8,1.0,1885.6587143432043,0.9651242923977889,0.13239481996482672,1.0,9995.268102817912,5243.548602411682,48.43525478242117
SYS_041,8,1.0,0.0,1.0,0.12680031933398875,1.0,10081.995529035321,10017.345199447804,580.990399075333
SYS_041,5,0.8258185131284186,5568.793178964046,0.9833285405998773,0.5983055505644137,0.9991390604413841,3801.599521774282,1262.3787548736227,10053.281998249933
SYS_041,6,0.2872368511851597,4443.632648838423,0.9676282909464478,1.0,1.0,2785.7018894133125,10296.026170533254,1141.9256842187008
SYS_041,2,0.6309347702707365,5661.23587835933,1.0,0.9837257253844306,0.5756967949631266,1819.4674018115131,10035.410809255745,192.8973242964442
SYS_042,3,1.0,3534.7437804766514,0.4763804462335587,0.0,0.013784014413730889,985.4410940416024,9975.126359484322,301.56484042153323
SYS_042,1,0.9554531349694646,3617.5378659019025,0.7036251658186959,1.0,0.9981463014317894,1017.1723217625374,391.5691919653108,10061.593915168916
SYS_042,3,0.7671203291890623,296.0372358993416,1.0,0.46123557515765745,0.18757162047118525,10111.962555567168,816.914835398745,1968.9520792419771
SYS_042,10,0.6999431095720349,4261.783776200075,0.3105479459610989,0.829084107473248,0.4006619563723154,395.09804825119113,250.40047885034292,9996.882321449026
SYS_042,10,1.0,4534.414344194351,0.9357857404223204,0.949656551185405,1.0,2.772332147893877,180.4483322256082,199.1684704446394
SYS_042,4,0.6510250641255592,822.6866134071413,0.8956246319182832,0.9817833765240961,0.8577428202475983,596.431342110007,5121.755507900338,10176.505677872707
SYS_042,8,0.9747521033582659,9951.311726644044,0.975442655915189,0.9703934271554634,1.0,9960.101513940996,3529.560536014359,1324.84078261793
SYS_042,2,0.028792650332772562,2630.699851690667,0.9700416312460832,0.9717636238898428,0.6983818284024861,10364.03494884068,3127.4151215479164,9801.498099836106
SYS_042,2,0.3716776346886902,5814.631078148822,1.0,0.9812705735654328,0.9843801567430357,10245.760640131391,3874.7863896458693,9979.747923909912
SYS_042,3,0.6227274174001928,7016.951306332805,0.22124709573954304,1.0,0.9701577941784698,9807.412744791165,8034.6881630903845,3431.348800536437
SYS_043,4,1.0,7109.765530764709,0.32222923126593866,0.9939906929362394,0.2702801416310464,211.67401669240485,9785.233999399139,4865.980298555995
SYS_043,3,0.7928244993589973,5294.175834923832,1.0,0.7096041546059714,0.18894312287434567,1123.417915469341,9940.544438625066,35.90163507874044
SYS_043,7,0.974256848011243,6155.338677288599,0.3508385819940693,0.9816017154275821,1.0,2458.03669384888,10474.164691854292,9694.074725212562
SYS_043,8,0.9726358565621622,9649.817365420999,1.0,1.0,0.5158016676987729,9997.554602577979,9802.181528396499,9366.19376740814
SYS_043,10,0.9143730322460568,539.5167417108867,0.9929984283362595,0.40411944678287526,0.0707801645259018,10112.583269901188,10096.167127681407,9917.755282404652
SYS_043,3,0.9479701695298836,431.97802803487826,0.6066866325188878,0.9829079245130348,0.8916240304884379,0.0,9900.146505731258,10027.984983174349
SYS_043,9,0.6806642817483708,4757.561589846174,0.9826728229073578,1.0,0.9892452173071903,10386.571266776797,0.0,9759.162859291328
SYS_043,10,0.7971410341202017,10178.608640914386,0.9319992940845451,0.011017304372459496,0.10693429987535169,9896.370426548689,10122.80800117322,1915.4381868059581
SYS_043,2,0.7102945697685976,3147.038500087655,1.0,1.0,0.9809145910290937,4280.462721207059,137.81731233145837,1179.8730944500135
SYS_043,2,0.9881768612071801,7770.51296298509,1.0,1.0,0.03450557997262056,352.40096600541614,706.7612771119968,10200.6284497747
SYS_044,4,0.3818536187676838,5046.704615502799,1.0,0.7075199230220014,0.6911855596286424,6703.170576376753,10217.445149963349,10092.048556727334
SYS_044,9,0.8658833313206613,534.4828439729188,1.0,1.0,0.003353089671304932,4690.005306803582,73.84988030253302,905.4878625838664
SYS_044,5,1.0,6724.927666760768,0.0,1.0,1.0,10066.255329047368,353.0376389920659,
SYS_044,8,0.5169987902569775,10163.948750397252,0.3792996811229593,0.01741948314492409,1.0,9363.335671382576,9809.310183972855,3342.0221000682122
SYS_044,9,0.11674236055771076,4508.115756773704,1.0,0.9918836590902542,0.9861871562829715,77.44875997324664,10155.292312668502,9682.022566397673
SYS_044,3,0.550939135023566,4781.525602099837,0.9954243035950643,1.0,1.0,536.4118086027595,9958.325675889755,3135.145776124227
SYS_044,5,0.6444909919682447,6931.044212925407,1.0,0.9815750900271493,0.9733675538322685,5071.509681946463,0.0,2014.8960442423327
SYS_044,6,0.6458457587479965,1217.2234954651278,0.3247443839374158,0.05309896540413464,0.982115728035059,1452.5709087238251,10181.748855645015,70.83860799278852
SYS_044,6,0.8776182119995898,7096.449802039015,1.0,0.8845201002938998,0.04285260917159776,4876.87496788464,821.420790323771,10140.518518476723
SYS_044,3,1.0,6671.104433546049,0.31562936880154957,0.9517796731386403,0.7788994249588146,10033.275131341132,1387.0750973853087,10189.148333620724
SYS_045,7,1.0,7632.947978071362,0.9944754363030426,0.9164894455815187,0.26268401371261074,,10476.93835437434,0.0
SYS_045,9,0.6820448072041214,5247.625028525319,0.4140554643056318,0.30723033254189747,1.0,370.60589302534964,10169.94858345814,9467.510424402719
SYS_045,10,1.0,1975.8344215649606,0.9496627321797927,0.9956079496623079,0.998481496975206,1729.5766051822957,1622.921696412424,9934.93086637682
SYS_045,5,0.6054858585046492,9964.552457241009,0.6538650588578294,0.0,0.648076916994545,10113.87818396424,529.8173334224039,160.02423045528639
SYS_045,3,0.37909404372532685,7394.782183904346,0.043379128063783974,1.0,1.0,191.44951431517268,9685.123676537623,1639.1927948072325
SYS_045,1,0.6538833401387938,1224.807487167625,0.9882370613862874,0.9951474605748954,0.35078691242344473,5099.895826925818,495.5188807461695,9980.52236865948
SYS_045,4,0.0,6867.424941174141,0.24900396964724497,0.7872744102579315,1.0,9909.540383287951,36.3103991700676,964.3495011799685
SYS_045,3,0.2886164801600124,1748.4352638750033,0.9964612910489504,0.9906106372239889,0.997877239188221,373.4737526810886,10280.615570871385,238.54970186222187
SYS_045,8,0.3239447383032632,6529.35355246561,0.43332302137476925,0.9549429100392774,0.10366057294376052,926.0556589860803,9854.753919673387,10071.61868592002
SYS_045,6,0.9963073854166987,3058.039316429792,0.0,0.9951472590077874,0.9885347841672731,941.837146348473,10102.296477976906,182.50300848699405
SYS_046,2,0.02550131719316113,7641.043095460569,0.0003613329739089498,1.0,0.3809329979775337,9926.276603072114,10125.95567295044,6546.323157136825
SYS_046,2,0.5609794721499953,5748.831375629686,1.0,0.0,0.6440984202276095,,3563.666011716956,188.04742443973817
SYS_046,3,1.0,6365.911808874988,1.0,0.3669684701952233,1.0,950.0277663271311,9719.299144935345,9877.482246987563
SYS_046,3,0.7181596701183037,259.0236552078631,1.0,0.022123551960210465,0.46298471879184044,33.81279870402116,1059.2938007401806,9430.067237019643
SYS_046,5,0.9982222372038169,10078.777664021183,0.6696489589544912,1.0,0.9917606736682214,9773.55985330918,9907.383045481862,10146.871135911902
SYS_046,5,0.7589677338351546,10008.913006684077,1.0,0.9802177757028566,0.9894381770310705,1289.9238869626245,10374.125303554572,639.3532641198044
SYS_046,4,0.9985107461746836,4366.419553082997,0.9209474884007558,0.25551183348243073,0.9812230655516863,10145.819174475218,1006.7766711680003,603.9145307785302
SYS_046,6,0.8985026959434486,6877.515988556162,0.3724712812407137,1.0,0.02368654695365347,345.969550254065,9915.129891415165,2457.7192979455895
SYS_046,8,1.0,9648.894976030766,1.0,0.9852986582818514,0.08730145760490846,1094.8259596946075,3852.9392513239986,9984.156893057565
SYS_046,9,0.7774077213615148,7893.850085217176,0.3967959105034356,1.0,0.9988158205052933,1055.1553967278785,10075.514748897373,10180.127017296129
SYS_047,8,0.9953680702582097,9907.969814698308,0.24594922532470412,0.872809542494951,0.11750615805146014,0.0,937.7348772634501,4856.090247110939
SYS_047,9,0.9175887348777917,9698.672501215731,1.0,1.0,0.0013388037777530507,9798.990635358161,5272.796021288198,
SYS_047,3,0.9269862599272516,3621.9128346683538,0.9848785851033266,0.9867828295786877,1.0,7777.905870748039,10359.276994505082,10189.001240310532
SYS_047,2,0.751162214894572,4885.523872639359,0.9949991955112877,0.0,0.005999238961880371,9716.051259938105,2252.3782554118775,9675.740835626822
SYS_047,4,1.0,3937.9849824446965,0.8677801947985045,0.9862832340334606,1.0,307.7019562822147,9985.007424363008,74.47213454454669
SYS_047,3,0.0,4264.441655449619,0.5880294743039672,0.35433605553709907,1.0,1165.511264754662,9701.236413895844,10005.663018328632
SYS_047,10,0.9973564523445531,9856.428241971957,1.0,1.0,1.0,2902.240845673073,8496.106361592329,5205.449751630262
SYS_047,3,0.7451088693070099,7778.242720740588,0.4173736945748661,0.3103360428306847,0.0218985123643651,10063.419246409063,897.8253571964922,9797.964697838324
SYS_047,3,0.35343000450205564,6471.100573588621,0.9855626146839469,0.9459118294410109,0.7888326169969296,10059.786008497287,783.6691099563341,9821.955601017879
SYS_047,3,0.7023295651115147,1182.963303669715,0.985360780521285,0.9994618562555477,0.8316244604983992,5105.780023295682,1475.829417759945,1099.1215562749558
SYS_048,3,0.24276404558464307,9977.082191532167,0.8401929958231117,0.003980898655725814,0.8085398589927009,0.0,10381.907676594265,9875.39808451494
SYS_048,2,0.48823829874082375,6675.329447804637,1.0,0.1323922495857526,0.10088731910649376,9174.179800782716,,1213.2989072108055
SYS_048,1,0.3855938432277847,5210.874636457065,0.9806276505317296,0.020922725250753095,1.0,10089.994585311764,2.0747153284273008,9604.72716219559
SYS_048,10,0.961040258512417,5089.790201261105,0.57918413716482,0.9995388734363754,1.0,10226.724737401923,797.5822081961912,1888.6215072974933
SYS_048,5,0.7861845363056305,3351.199326016871,1.0,1.0,0.9811477872181567,9838.305103608729,10239.822007613286,10134.288019918511
SYS_048,5,0.9018986816973391,10166.0451616293,0.9940279655901073,1.0,1.0,4676.745806803816,0.0,9977.380995624628
SYS_048,4,0.33271103823315623,6137.5408579745,0.9807750058845082,0.0,0.8033876276872916,4585.3503217693415,217.31345154133538,10016.534644882204
SYS_048,6,0.7511305833535666,5198.015961326149,0.9849435476102681,0.0,0.9435151854927254,2158.8806008266138,10168.253387410849,0.0
SYS_048,5,0.5065996251879352,1129.358533488909,0.989516547607649,1.0,0.0022640437569936005,,195.6455282066189,9978.004033404668
SYS_048,7,0.8460577414027182,10036.653499434093,0.0,0.9781897793064875,1.0,1005.3810452254402,10153.702054016478,1247.556785593004
SYS_049,1,1.0,4347.791814941984,1.0,0.9959453138293468,0.0,9533.751555648752,10368.514335050879,9964.002414086755
SYS_049,1,0.9591926637072321,10154.50796937467,0.0,0.9354659324030312,0.38851491813120054,9897.275553650388,1408.2466536715096,2770.2615822469515
SYS_049,5,0.9554155153862268,9719.809055018992,0.2719520701845521,0.9864858565679807,1.0,1779.962980776698,9921.580160124591,262.0358537011538
SYS_049,8,0.9972387507725663,9862.37073730591,0.0030517461983578667,0.9951843486345264,1.0,9927.128496669682,9956.438999349333,9899.735868490412
SYS_049,4,1.0,9999.451419430734,0.6368132110480728,0.11432818008303247,0.6164635882833694,10057.24434120048,26.855219797689017,2378.0632359050696
SYS_049,5,0.9180676289936053,7318.474493108252,0.9933892567008732,0.21029060178507808,1.0,5081.872210984661,9866.425718761948,10214.244576699833
SYS_049,1,0.9754335582665832,5.288619710082294,1.0,1.0,0.9894960322513995,10140.258474725026,3101.8791208314638,3155.3075930860005
SYS_049,3,0.7727101408172,10260.296341968042,0.9756159474543215,0.11747678676113271,1.0,1554.0974747352213,9996.64935550472,77.2261377267902
SYS_049,3,0.9097257135399472,3553.9277470323636,0.2014687895124685,0.6700374463493354,0.9978953274457782,9962.39408307489,10036.225839631032,10398.64847847866
SYS_049,2,0.041661486779181967,5468.390827918989,0.562828269773549,0.8425980554158092,0.995382605496278,4322.320264353425,581.9681131666513,10242.160879489697
SYS_050,4,0.4732179269281057,205.13471047308383,0.001078992503797712,0.26207962807889046,1.0,527.6403063607236,508.4813296371758,2901.9886417802
SYS_050,2,0.984840733581899,2297.5770927805515,0.9867061003154315,0.7511095107319716,0.988059883362942,9931.598531800357,2613.167435197255,222.78051102961837
SYS_050,7,0.0703472470845574,4539.616293977829,0.9764464948465037,0.1269639117950479,0.7350646366850707,9969.991297650231,9869.979194798438,1126.1940002507881
SYS_050,3,0.7056017931461053,1548.5627778979078,0.9680286990619931,0.31788695048893995,0.8413127446537861,1386.981351032583,1162.7225246791043,163.8298065058767
SYS_050,4,0.5076875470223603,5348.171592054093,0.9853678688004348,1.0,1.0,1707.984285951146,9933.04433963513,1200.859445249034
SYS_050,10,0.6729848288747231,10087.844153751497,0.5282731707934433,0.9913139729002886,1.0,9786.908699613488,4816.61145581067,5121.39183248643
SYS_050,7,0.9862262894142354,10176.836364121038,0.0,1.0,0.997912528796422,4821.898841639469,10189.047920045477,102.3491736357046
SYS_050,10,0.3755512578306426,9471.73895079264,0.970296552147509,0.29889816415037157,0.08584377012536361,289.81848393399866,1233.3190638098981,2660.9080791820716
SYS_050,6,0.795464187176251,3538.0861622999964,0.41156165475608214,0.36919743662686194,0.0880984610546748,9912.596256038265,10063.758148530533,278.1563631638367
SYS_050,1,0.6976663298382441,6260.523731427537,0.9686178502556457,1.0,0.9913990845858586,10233.441802628624,457.66499836075457,3130.161696015096
SYS_051,5,0.7294146189523404,4631.748991825308,0.7833723468147418,0.9691376012268579,1.0,9966.652801065475,3624.059545584101,10042.180358544529
SYS_051,8,0.6685128879674306,11.832652210040834,0.9975274834419119,1.0,0.08423119038177643,171.1393169971197,9828.796390660329,9582.471249259981
SYS_051,3,0.7493409497792183,9949.670466674073,1.0,0.6600717481681424,0.9712053595507852,10060.984655438155,1049.3867512242066,9806.046360723214
SYS_051,2,1.0,460.35579573452287,0.02396409799078044,0.9854040704190051,0.004980485500790367,9780.26570092558,10608.780534055906,9909.011413776156
SYS_051,6,0.9740628316802428,4260.766691264278,1.0,0.9641418039916975,0.8301991621234108,10005.54384423273,1654.152019945171,10143.280748661216
SYS_051,4,1.0,4421.456666505125,0.9418298580529446,0.9991832265626608,1.0,10195.199182586017,1370.2028670868744,9908.862276806849
SYS_051,7,0.12206250157059058,10193.708385956985,0.06358181847485968,0.21078055053764436,0.6155321599396151,438.7910074385105,235.34739457784968,78.75755300826832
SYS_051,10,0.9858252215694235,1891.5498479359383,0.8353988451339484,0.9936633827937763,0.4331767838513841,1281.1231762421244,9706.546476101214,9947.892893653536
SYS_051,8,0.44079290116560804,0.0,0.7662904463590803,1.0,1.0,8337.153027089476,149.74154066037227,21.248916737517504
SYS_051,6,0.9869187599465886,7413.987761963412,1.0,0.25580198699600026,0.5740951814912735,10145.26866796556,9777.594173159334,9454.701856861011
SYS_052,5,0.6773057780052689,9962.799940132056,0.979972998920909,0.0,1.0,973.598734280111,10091.969894785618,1734.96879970449
SYS_052,8,0.6242120805159038,6737.284552432176,0.9702934320526331,0.1022402055525182,0.37636796936521627,9924.550470340218,,5104.977854083794
SYS_052,5,1.0,4884.527186385633,1.0,0.2819885404181499,0.7412582155821075,10423.466870612721,9918.936703902977,9798.640671312056
SYS_052,8,0.6969949994349371,10106.664665820072,1.0,0.9694897086237957,0.518678837768914,10068.879484849178,,1109.356775949204
SYS_052,3,1.0,4500.686209916785,0.8290991822887298,0.9947909449794636,0.6814960438353965,139.67360239743027,10020.957226352259,10181.14966037323
SYS_052,3,0.25032846919510615,3970.7255499531207,0.9701304358889322,0.9804017592454444,0.9908342896810967,0.0,9931.66850682623,9847.632954452876
SYS_052,4,0.7011529274948459,9979.107474264356,0.9941444084198379,0.5910905616716615,1.0,9979.9477127235,3407.67221890506,1666.548657707642
SYS_052,4,0.39816158003845165,2302.136609090724,0.0,0.7237029146739653,0.6313638260023886,10157.06043565915,251.9328050368259,10221.355198247982
SYS_052,1,0.361639149934398,465.27025534379027,1.0,0.9418952570377948,0.8975384921795104,2886.588162661654,0.0,7753.7646733481515
SYS_052,9,0.07587412064313277,3699.5396459750636,1.0,0.9940231720713345,0.9788367944332779,1876.1295650561221,3166.7998152424652,10117.275479719312
SYS_053,2,0.6722999586427769,2309.226058761176,0.688381441315042,0.43415272639820085,0.8149272465991829,0.0,9710.985564577508,262.1139559587228
SYS_053,6,0.15152022036806825,4227.2975858552345,0.8990256326762148,0.6270661745941442,0.7368647868148522,10261.30025910432,9806.717403708753,10413.434815635217
SYS_053,4,0.6509873021677732,1181.5711669830403,0.8529078339878107,0.10912722379122193,0.7054048434365969,2636.406773489688,54.349120430778584,5117.4694543497635
SYS_053,3,0.9962978142661353,10033.796200688328,0.9187395813221297,0.0,0.5415187172964249,2043.084985141545,10271.33940343894,9909.663947942836
SYS_053,6,0.6130761269380838,8308.51616660487,0.022324091822456194,0.9696566796487901,0.9881062698388463,289.99398938779416,9657.043259453489,485.0999165437202
SYS_053,4,0.7691419237717038,165.72724116730478,0.23047373715132405,0.377485679744215,0.9718740035982769,0.0,9877.579206136079,1285.97329635009
SYS_053,10,0.6209705767252527,5446.454446800022,0.9962444940763459,0.671422092027576,0.9143616053266509,10059.71083669616,9615.7280875137,1286.9827688648663
SYS_053,7,0.33955064684478414,6086.667087907189,0.29895400055976257,0.7356171568080013,0.9747134431164012,799.1539706423765,134.1314532039246,4118.869756128351
SYS_053,3,1.0,0.0,0.4413942737457725,1.0,0.9719256585326236,1097.7945813063961,2939.128303659499,9947.589787489233
SYS_053,10,0.6526696526807242,3732.7323188643877,1.0,0.7345651555101195,0.7857925358780854,10214.29499951877,821.0299594438131,10237.725651002522
SYS_054,5,0.3090186766476516,4798.0783773125195,1.0,1.0,1.0,1472.3946964454035,9534.543596438749,2726.0884775164504
SYS_054,1,0.3718014101340992,9966.128404015648,0.7325484343214037,1.0,0.4666392709258229,1347.7121026625607,1483.458400892909,624.0162771150253
SYS_054,5,0.534683912281506,5234.628711340174,0.9848312300410669,1.0,0.019542792070068853,1081.1675066253704,2061.3071633149007,9910.569717469962
SYS_054,8,0.705235751971469,8713.429914030216,1.0,0.9767080736003312,1.0,1140.3783483723164,0.0,2092.826757740518
SYS_054,1,0.44530760415250237,7592.203075135168,0.9711194566037195,0.12730866169389482,0.7373774292631256,9678.87770186891,10014.827312130881,3080.2455580768897
SYS_054,5,0.5956924635344024,6019.066140361133,1.0,0.9935490438152903,1.0,2340.600325516315,10137.786510501996,10022.108829747296
SYS_054,8,0.5478158044650657,5301.492241617163,0.0,0.7495964766060387,1.0,1873.8240561585974,9977.929699468672,742.6758751057334
SYS_054,4,0.9905210458192824,3382.7215531793695,0.9933543416051013,1.0,0.9449510303291214,9844.961821006986,0.0,9820.565694087652
SYS_054,8,1.0,2056.84400741672,0.9747004048672115,1.0,0.8871752657253424,3225.2086454005084,9977.81407675579,9596.599468257667
SYS_054,3,1.0,7072.320850541534,0.9859934246455186,0.9059439597661565,0.9936531940490031,9965.55706351576,9840.675423094564,10045.353811923324
SYS_055,7,0.9853463312954636,2450.794356945015,0.99825759353216,0.9756714054260477,0.07591997410159221,819.9738497564659,1292.7083112139146,88.13030546118814
SYS_055,7,0.995398056340526,6428.285646763569,0.7188569814924057,0.289690908083806,0.9814663451850959,0.0,10236.260346355519,4996.766478209874
SYS_055,4,0.32331238775264265,9934.282170792976,0.7159497554859015,0.490893533270004,0.194455942799206,0.0,10222.222178828059,9782.352692680923
SYS_055,5,0.7838397236491754,10153.346657579223,1.0,1.0,1.0,10003.321604673918,9995.661177296577,10087.234305094491
SYS_055,1,0.9698880708349845,10038.96176371021,0.9911201323174269,0.9933811570046073,0.986401163222887,1116.8463648299087,509.98630265528243,1794.7369506685197
SYS_055,3,0.9979169170262367,8798.014653887254,0.9974375352513567,0.9391579086350508,0.6300579683623937,0.0,9775.686614150394,10190.065819168953
SYS_055,1,0.819642341536315,9884.784715406788,1.0,0.9809952396584944,0.9591288947315616,10257.682695105172,1370.452747627776,414.24784253931796
SYS_055,8,0.9986060213404473,4108.070784813628,1.0,1.0,0.4240681928309533,9786.364319343651,6044.455878677468,9222.883024601462
SYS_055,1,0.9994739940046826,3753.768287220417,0.978155276890651,0.04237686684193187,1.0,1620.1056931483351,9553.97482671027,10331.984747916013
SYS_055,7,0.18070316063231978,2872.579272521373,0.9869432488067418,0.9930815925258595,0.9860530502940638,4795.290560065205,705.7060369650159,10025.520997133324
SYS_056,9,0.9609269584485287,186.51267106820242,0.9671077601111903,0.0,0.9817310969564566,2411.479431682267,9843.980673754822,5083.7515384535445
SYS_056,4,0.19332953175987722,5248.831550560192,0.24377853224772722,0.9112765894452666,1.0,913.3525671368329,10025.64799177631,10172.346175549626
SYS_056,8,0.7012838210069521,10103.260641851157,0.9798508250855271,0.08432267237978999,0.9546221018680934,5143.640372464656,809.5274165461904,2149.489729643046
SYS_056,5,0.9773924502554693,6014.625731751236,0.8783702855449278,0.3756915552801098,1.0,2280.2426488429865,,387.09012316396445
SYS_056,9,0.26510354455837953,3294.265453455498,0.9829106108876472,0.9189487621565979,1.0,10087.226670478025,3784.2929678011546,8310.503498754077
SYS_056,7,0.6214255076875189,9816.12861438077,0.3790109438229654,1.0,1.0,0.0,430.260509753321,669.6318765748936
SYS_056,2,0.9384933121423413,8624.591956002372,1.0,1.0,0.9686010949957172,10101.086505332669,1407.2839833518062,9737.024749319775
SYS_056,7,0.922831646843268,2552.104294974557,0.9782866102962383,1.0,0.49187547506494544,1428.9596342125978,10019.412542508144,10360.069190015041
SYS_056,10,0.952110291092345,2092.6801336304443,0.48285086982130093,1.0,0.9989011333108704,10143.89850459343,10215.463479175809,1432.517357323568
SYS_056,10,0.4618816355963254,3731.071031843446,0.9895173990859122,0.009543469903696315,0.9886404040200334,1365.6707521188412,9988.344252889576,234.5339680041697
SYS_057,1,0.0370355263520912,9979.813821899252,0.9930668703659655,1.0,0.6012506379539602,9650.618313802826,,10267.798539110805
SYS_057,4,0.9101589208178343,10525.143880886544,0.9960871682959203,0.07374754090311128,0.6706318023883411,9654.820717114615,286.55205091907794,1851.5775914993892
SYS_057,10,0.666313203314444,9769.396724859385,0.9770264070067499,0.125424626148464,0.17484642537570488,0.0,759.7875073241908,10092.966635465822
SYS_057,9,0.6920067188872204,3189.8142226849363,0.6832543173065175,0.018695670054088377,0.17957770176418184,9850.886870754988,,10256.080610552599
SYS_057,9,0.9185007300262409,605.6255671055992,1.0,0.0,0.9784303985864449,25.107065349995295,,0.0
SYS_057,4,1.0,7810.2192111855165,1.0,0.6832264817798542,0.9797665437414864,1106.0395443007044,2198.1657948960146,0.0
SYS_057,8,0.5134562510928068,2352.6549035099065,0.004024497400571777,1.0,0.12425902376579705,1823.1059742507184,,9702.651628524309
SYS_057,1,1.0,5676.4376122036065,1.0,0.8491811353227637,0.0,1121.3195026401092,9898.744539552945,0.0
SYS_057,10,0.9498988938546515,146.2746345424474,0.41112744734185686,0.9727913476684131,0.9977626823657637,8921.964037077543,9923.698821960845,175.5222001939496
SYS_057,6,0.6691177192312346,160.78864457857293,0.1785294738660399,0.12430633671740104,1.0,10154.005337142476,,10046.642180183857
SYS_058,4,0.773783274628745,9896.26463358782,1.0,0.7166388122866326,1.0,10049.894362850946,1419.1684154454254,10379.71981955623
SYS_058,10,0.6783377715232758,6429.928534897841,1.0,0.4142795671004378,0.014054880671668686,10082.41884912648,802.2825417003983,2634.24760068264
SYS_058,9,0.45181939505240254,9888.261677374157,0.9694675414635873,0.9752965512060273,0.9269087367770176,355.97469674286776,4589.711846016559,4959.98821681584
SYS_058,5,0.6828359995151472,1017.8881367833811,0.9219603063629689,1.0,0.9767603949821667,141.67060707254444,327.05196558158326,871.8149718249814
SYS_058,1,0.9577124161118422,6907.233464256055,0.94512899219882,0.972228878038279,1.0,1743.666034911975,1432.3252673826278,1301.711500311524
SYS_058,9,0.9998804702806534,10095.776115855904,0.6445004606134718,1.0,0.6616535159755426,0.0,3183.739349331371,2984.618157702357
SYS_058,6,0.05803577466383798,6632.658821822199,1.0,0.7291354631923457,0.8322231425622324,10112.631654873072,443.5912076434965,10097.012563512912
SYS_058,3,0.6117248264881364,4400.122705735329,0.11956790038242428,0.0012062262916487602,0.00271030344543926,85.78079583031453,353.7040792549079,641.1242541852741
SYS_058,6,0.3897020598185261,1519.0260204207052,0.49853595251657773,0.9918107682487738,1.0,9981.092895411646,1029.375484766931,10120.736399435506
SYS_058,2,0.6012804422975028,4047.1136202270873,0.9778388282082457,0.6888974425722477,0.0,10081.349734665519,2219.7226327074727,9782.61251607688
SYS_059,8,0.9952942437272374,3222.9572767827876,1.0,0.9918089538375123,0.9173684110119682,10292.258289906136,10469.778974176457,0.0
SYS_059,9,0.628516047202901,166.13134389301158,0.9982862017289869,1.0,0.8769624324775089,10403.917770579059,9986.554354949609,9988.808737434314
SYS_059,9,0.9996826238508126,10225.573158408246,1.0,0.9802796792179636,0.9974365328717932,9798.028642778096,1771.6375436267556,7115.826844386791
SYS_059,9,0.9902874227705839,800.1815450683706,1.0,0.99457058725678,1.0,,827.3588736492713,3384.222041331687
SYS_059,9,0.36021992305646616,3509.469514777843,0.018545063903623465,0.009956657691340305,0.9596929153170615,0.0,9867.268792293911,9971.148984028887
SYS_059,8,0.37921381412020566,6605.472011097517,0.010089456406371905,0.2435429773468004,0.9958855957782328,1481.4114555352091,780.6165593852593,0.0
SYS_059,9,0.8328450839881759,7084.194842603163,1.0,0.00709336584631854,0.3938699687364052,63.15077133084071,1157.5511097828196,9535.61439215515
SYS_059,6,1.0,3548.9353665632766,0.0,1.0,1.0,9736.496218392504,1990.1189202383837,1433.5596037228074
SYS_059,8,0.5951759718132406,1800.8515158252026,0.9763218946405531,1.0,0.7961112244165307,1832.3598954975535,9591.346472221205,9854.279264261935
SYS_059,6,0.7258465023947827,440.2302053608391,0.8960107439653121,1.0,0.8840701715213374,2814.340454585777,1450.745099848992,4923.965260150194
SYS_060,2,0.5426279348002896,5095.260480860557,1.0,0.18571085919684438,1.0,9730.296916096695,3756.8405936457134,952.8795661361909
SYS_060,4,0.8433833903025134,4125.801850370741,1.0,0.5374866521317689,0.958727952866143,450.693363061139,9828.997117839634,4704.257543220865
SYS_060,1,0.11547312345382667,4086.740954979441,0.9878495109861491,1.0,0.36236675499308574,9858.771956367766,4020.150761734434,9793.364706606579
SYS_060,4,0.31526681447018945,10078.200808834821,0.9882682309277089,0.09065029691534235,0.07133905099325491,9953.463265779195,1340.4189172494303,290.88731221015325
SYS_060,8,0.8511685892979328,3086.851134818132,0.9624983859692668,1.0,0.9766683673663589,584.6489194171447,1096.7118395005596,297.4205468703266
SYS_060,4,0.813136434262092,4198.394200973652,0.9265655018165491,0.09203197566977828,0.01009988442810315,0.0,9737.583250992233,10139.558917395649
SYS_060,10,1.0,10025.900926374701,0.9814458482951584,1.0,0.8417641397201245,10012.127868702346,713.044981303657,2579.090570319899
SYS_060,4,0.6063051970200906,9329.660508090008,0.5917489053825798,0.013980657044129796,0.44070373723516904,10492.460463931975,10246.327715041056,2269.59961325194
SYS_060,5,0.6847302983630679,4246.060085558726,0.9858162216965631,0.8719316695919699,1.0,0.0,9989.262952323765,491.89237844033676
SYS_060,7,1.0,5177.76560682595,0.5133849025309798,1.0,0.809522709094801,9856.83527499461,9642.18408943251,1781.1460096389048
SYS_061,4,0.3647269411302647,2770.3129978940074,0.014355721914257982,0.18884621543280544,0.9642584856909054,10148.66675163682,322.79614080697036,2684.8476763180556
SYS_061,6,0.5563261318604344,10020.110726058492,0.9802750920273589,0.9925293416788833,0.09428255233898421,10216.622300220142,9715.268993688665,2113.035862447627
SYS_061,1,0.5872427963179786,2010.374075769226,1.0,0.5032798950611646,0.03000313475126356,1200.9425014907536,10017.298201030688,247.78305681370298
SYS_061,9,0.9869099141650532,2181.672801112343,0.014797176590123433,0.8096340299797611,0.8388376823603393,10396.604844086143,,348.9913713331241
SYS_061,6,0.34663571390035774,5079.952909951892,0.06967905028029989,1.0,1.0,10069.600231495615,207.29495862369652,10057.87662939927
SYS_061,7,0.4678838312404109,811.1117476949771,0.15307478763168053,0.9823594680531031,1.0,271.7516063699368,10026.331586447608,664.0528573550804
SYS_061,6,0.6587087205367281,6891.016100935381,0.6986522776519272,0.6682252112881054,0.819827017056649,,,876.3614407574944
SYS_061,9,0.9963799149572033,10039.620474352843,0.6854393944325265,1.0,0.7220273367775989,10021.26569882253,10557.484923262738,9862.95572109447
SYS_061,2,0.43485047901455953,6925.968806900748,0.3646839959946576,0.1341170685830497,0.636416488756662,9874.815405692709,6881.221693480556,4348.433694403242
SYS_061,3,0.9903256477656297,4550.137129643341,0.9774614533477717,0.0,0.0288703058869293,,,32.099606429237724
SYS_062,4,0.9950070921722068,412.2423931333951,0.998527047648549,0.90465524306005,0.9916044698332213,769.3920852843376,363.40002521578924,9992.025334654532
SYS_062,10,0.4025365392543428,1032.946694828812,1.0,0.06461349852124225,0.0,241.4878028746862,1820.4074112181395,2211.0222210475163
SYS_062,2,0.9870138505477805,9821.373719304964,0.9040122415911346,0.982922563821879,1.0,9651.470223441507,1948.6256608976119,10400.737273163417
SYS_062,10,0.9918084422442452,9646.269386945127,0.22024639366670015,0.8859834504235339,0.10880657796936623,10296.048803927071,2347.248134513527,10188.911003913448
SYS_062,7,0.8496674268316898,7342.8954955783975,0.14414308844955098,1.0,0.9698394637659092,1157.6171844740456,244.41814846079893,0.0
SYS_062,9,0.9995860610339725,10258.410369721403,0.4511271852472573,1.0,0.9218132431216766,,0.0,718.1074144384987
SYS_062,8,0.0,3901.022913682795,0.9936120316768416,1.0,1.0,202.50006780341977,1216.7753331260333,1134.5801655523092
SYS_062,5,0.9437553705793089,6771.530619155194,0.4580179388715874,1.0,0.05292924595335365,4977.802104458968,1428.941608175493,250.79710847283403
SYS_062,3,1.0,0.0,0.9650244628490314,1.0,0.9782011184173812,10305.226123383247,987.3982218840165,4107.319486310821
SYS_062,3,0.6605294487380582,5212.736091155748,1.0,1.0,0.2510457518555721,9567.758322774369,,1679.979281515194
SYS_063,6,0.39832894952893705,10081.107212182264,0.01987416587714177,1.0,0.8809036015253274,534.3173981640887,10250.506560116144,9968.132029239163
SYS_063,7,0.7767026245522313,3539.9596157639894,0.9977399820120385,0.9982130488907037,1.0,5154.723235147344,9875.768887651237,213.80934520633537
SYS_063,3,0.9637252942497263,9901.901755926885,0.25105318431000906,0.9751729126224591,1.0,9980.550221948994,10031.063288366035,1653.8705684309564
SYS_063,2,0.7261592036745604,275.8702072277971,0.1358973453743167,1.0,0.024368535880176966,10142.050180920804,156.93220772941748,9063.425755914412
SYS_063,7,0.378404291128697,9324.149980912134,0.4443741883133402,0.630212212815483,0.7124258380094954,5292.61598803356,9839.564242174676,4262.710238275803
SYS_063,9,0.9783564719573391,9871.653915905355,0.5945622767023863,0.14865982867241745,0.0,9828.104285731477,0.0,2255.5864321749186
SYS_063,5,0.973596941723084,453.927411378597,0.9798011474477311,0.042403985693179616,1.0,9822.625220342348,10208.344572563059,10182.537669456326
SYS_063,3,0.5192661136471579,427.55371556797326,1.0,0.1415611542015616,0.5201227099300526,10156.08604651877,5236.386515711245,9919.656156211026
SYS_063,8,0.1472911322020093,9892.904999617374,1.0,0.005920132066454191,0.0,0.0,209.03125920367137,1408.9678504853218
SYS_063,9,0.45151664636340294,1206.3823601130512,1.0,0.9920965601223463,1.0,5455.7451488852,9882.094185305928,6335.36763314714
SYS_064,8,0.8839370584708078,6928.615425407436,0.4154274290628757,0.022105010098983646,0.26061280033201667,10026.83514889086,9628.025845756627,9547.730505499814
SYS_064,4,0.9987508576267351,565.8272874754321,1.0,0.6809079290039464,0.0,458.3434355152084,10174.759360655582,10071.950919641755
SYS_064,5,0.6690507415807131,9978.367913062186,0.0,1.0,0.9016566648068999,9737.103030886445,0.0,10230.197011877588
SYS_064,7,0.6152360142652421,9992.923668208081,0.9771031110927131,0.6059313386735823,0.8566721465188851,1975.7301767023341,0.0,8.531104873923184
SYS_064,8,0.9158240028710328,9848.396987569116,0.8353139673969698,1.0,0.0,462.22063431508843,2236.4292888365894,1174.9776380255134
SYS_064,6,1.0,1042.0110518199926,0.8931221440694384,1.0,0.9748551772330207,4999.41777575505,464.5912710954089,9682.655333575905
SYS_064,9,0.48386360097342374,5099.182038550945,0.9867048062619158,0.04517254159550246,0.7082874406047205,9766.233350016963,8176.477519860612,9850.49914628098
SYS_064,5,0.40781850610171005,841.0053850261711,0.0,0.015606728500385598,1.0,2029.6324226296827,9696.650251829285,783.8774042025603
SYS_064,2,0.8518024685439268,7184.403549744026,0.9918450721286285,0.2801518178202298,0.8383155123089152,1026.9515731552988,180.78196439394577,10102.097190015082
SYS_064,9,0.7639571538846642,114.365748417916,0.2773387463580383,0.9425110796607841,0.5602203122582491,782.6939219069241,9855.942033869811,9871.62348406835
SYS_065,4,0.9937116169872542,4399.487391720298,0.9715075023495024,1.0,0.36778427611671627,10316.11530062441,147.8201021034319,6957.110599158401
SYS_065,8,0.9979866684693403,9751.816504559778,0.3558515747827449,1.0,0.9600482189464583,9779.581450502403,10032.193504536237,359.70397441639784
SYS_065,2,0.7361531105678529,5338.569806370162,2.486476684060269e-05,0.27357684034686414,1.0,516.7499720321338,10230.149091378144,369.29421490710104
SYS_065,3,0.8193865273569834,2270.156362402429,0.0229952075447033,0.0958090080586145,1.0,94.24126784440475,9817.174451111048,9924.231817889982
SYS_065,9,0.8338937116511912,1298.532938109227,0.8535128087268193,0.7610692535625658,0.7160303649225451,9747.409452796213,171.12902229282793,10109.669085351752
SYS_065,3,0.6894243464750905,4181.395686958893,0.9848138135830243,1.0,0.9877086557852393,10062.220328147656,10140.231438581597,576.6893058706115
SYS_065,8,0.6860588397852133,1711.937479112708,0.08079151456215508,0.8708133586609534,0.005638685809268192,10420.65788561623,1095.7508879308073,1102.1335058687744
SYS_065,5,0.8498675371360854,154.31133632050768,1.0,0.9155217148197774,0.042623441288884845,753.2968722213495,10247.65099005888,113.5308374342163
SYS_065,7,0.6222409757861315,2276.053256369629,0.0,0.8551814979014959,0.8655459159375084,8427.807458059655,2243.9122354643478,9819.482708886097
SYS_065,4,0.8680059094427881,6215.960748207348,0.9779890390228901,0.9697984096169834,0.9881485203196411,480.50741415041506,9816.999585894358,9797.12614240564
SYS_066,7,0.6923378121231195,7759.720831470697,0.9670953966145482,1.0,,356.6200781946062,1077.6930938021842,
SYS_066,8,0.18822804265054796,6578.135596886452,0.541394132207764,0.523015923196036,,9620.729437023338,,
SYS_066,6,1.0,3450.4592269100262,0.4515612968289484,0.45507642213638,,9628.285856785806,9838.325373181746,
SYS_066,4,0.8097391114358731,408.627159133121,0.988418231591096,1.0,,10033.90118930985,9966.037274834202,
SYS_066,5,0.020941750030426493,7130.532543538335,0.9708130464257706,1.0,,10036.761707719064,460.18397937274204,
SYS_066,10,0.9824984876909252,3838.885353636748,0.015562385270582641,0.03651261861112184,,9596.85043059871,3.3821019429233274,
SYS_066,5,0.44924964757829,4554.717971631931,0.0,1.0,,,4519.194051560531,
SYS_066,3,0.6337047416967444,1538.8842483501157,0.04262385574080861,1.0,,10085.06077296778,9659.629656516203,
SYS_066,8,0.3547534489242305,5262.482587757924,0.9673041450840508,0.9945072580201272,,,3263.2401746178107,
SYS_066,4,0.0035293650056804887,2451.7285671588093,1.0,1.0,,,10068.153467781696,
SYS_067,4,0.21385214219625495,7022.095632968496,1.0,0.9936955019567908,0.6231990818335581,10238.309785643463,10193.65907897073,9884.419386738478
SYS_067,9,1.0,10129.944673839253,0.9522311059623148,0.380318844260044,0.436143840328965,9952.138722200043,2897.895289498455,10007.051105900206
SYS_067,6,0.3121318134406691,0.0,1.0,0.9954769326987138,0.08382420756466198,59.11336065193069,10266.064655201824,466.5828702967444
SYS_067,6,1.0,1159.4638240210545,0.48076291318035924,0.9830463029091552,0.9842672812142971,2290.278450933882,9791.2994101287,10207.711033223264
SYS_067,3,0.23787355417895606,10000.08138933726,0.9248509690842678,0.9602032986925363,1.0,10096.254427486889,9914.196689531247,2076.554484389728
SYS_067,5,0.9833155137718851,8350.28443202206,0.36955776375476157,0.05299479615839427,0.8882209499425324,0.0,9932.738611642808,4760.830012106722
SYS_067,5,0.6319080929248035,6671.490867366442,0.9582260283557031,1.0,0.789206513560937,333.09629183041295,10336.018226517226,4530.423695907093
SYS_067,9,0.9953478438685034,10110.481052215597,0.9838436723375997,0.997880868322969,0.9023448242409638,1466.5449391955092,859.3654360179977,10009.188437696857
SYS_067,1,0.4578827161873556,3474.386157282244,1.0,0.9711935250180593,0.009290442073848462,9811.269044201157,9604.877240562375,1743.954937178773
SYS_067,8,0.6761678367052455,10079.640272278502,0.11149514570778453,0.018859578448249082,0.9708054427445479,989.6236832905765,5309.082194992587,10345.557666981264
SYS_068,8,0.25593281542880925,2838.0647197962294,0.095368484768994,1.0,0.0,2024.1048877369833,1668.8908844166122,672.04721109916
SYS_068,6,0.6030766803020968,7709.3369770135105,0.6956564257403969,0.9828857658905588,1.0,4751.69963401014,0.0,9800.195923801239
SYS_068,7,0.3936629137156086,9992.166938613309,0.9632352070084478,0.973937357758495,1.0,9953.008223436424,9802.907483764637,3248.98977477058
SYS_068,10,0.9927546368381732,8466.451232297379,0.27626197650586465,0.9951400537657455,0.9392795966738566,10247.831417772204,226.13075428466996,1563.3952006164861
SYS_068,6,0.20955515699973912,4713.697364309527,0.991417514713535,0.01257271321554257,0.9961473658790047,9858.316048618366,10431.556668762663,9584.582475841858
SYS_068,6,0.18417837404543358,9750.650625158714,0.16336433920307378,0.8940230445772978,1.0,2726.7044426943485,304.65152372062306,81.38561054051003
SYS_068,6,0.9532302082712026,7359.15771692919,1.0,0.0,0.9998348694093091,5278.253510449801,0.0,10185.81318857636
SYS_068,1,0.9860095412553528,6581.167848906123,1.0,1.0,0.17454978300973462,10266.631312798838,1309.1398973420025,4159.4232011687645
SYS_068,7,0.8754143400633183,748.7532196079944,0.49793672561523766,0.9650823805749593,1.0,10039.552482239356,187.55595338202812,10007.20123190266
SYS_068,4,0.4077957065611535,2839.004360235457,1.0,0.2084193149823313,0.8986412797666296,2777.6127524755693,0.0,591.1425556080629
SYS_069,9,0.9962233746349808,3736.5492557370667,0.9861911266653841,0.9982161108333678,0.023206415696097417,,963.1583513966812,9750.383508486955
SYS_069,4,0.9981567845693893,9983.461417062452,0.022347778044234164,1.0,0.9226196453569189,,1093.807472007204,3716.4330242167207
SYS_069,4,0.9523846755752216,9634.562862004357,1.0,0.9754500867637814,0.9905503128183158,9885.502575767547,588.9015762748197,0.0
SYS_069,2,0.25094253114290704,839.260212205236,0.9885302283554283,0.7812506508049407,0.46630218409993035,2533.0139612650305,,9854.671233873754
SYS_069,4,0.7205168313760715,9730.348812535665,0.10482111433655861,1.0,0.9543271338043099,10052.804758072065,,2593.533389346313
SYS_069,3,0.7865458012731436,3788.0272274027043,1.0,0.9957212418394953,0.9551903346110507,10251.427459350709,0.0,3627.498831584396
SYS_069,2,0.3728743250215346,4563.312111747534,0.9841182427627393,0.17639507455266615,0.004251651214102595,9920.631818078704,10087.613039362375,
SYS_069,4,0.9975765286349141,1412.4675124046753,0.9790833618048677,0.034893119995789326,0.0,1734.4935180235157,0.0,146.71870755135615
SYS_069,1,0.4098912811376482,5302.974460079895,1.0,0.8844158998275903,0.857383122851259,,10054.413409578972,
SYS_069,9,0.30055665096195594,377.65808776138465,0.8650124398542379,0.9546885251140467,0.9676097851138046,4619.150974697312,454.5522433213197,94.11467404187997
SYS_070,4,0.8447478856576028,2918.9204677392036,0.9935853098956393,0.8040976252596929,1.0,9796.359016643253,1896.610412355333,10028.502573353459
SYS_070,5,0.6654063939026068,1506.9454796315658,1.0,1.0,1.0,9789.867275758463,9699.225058662085,9820.001712173329
SYS_070,10,0.9027768869607871,10109.047781834528,0.9795550842746443,1.0,0.07237200214159391,9955.164091437782,10209.921545593106,1280.6295390408045
SYS_070,3,0.9423078267044387,2562.1095107912415,0.0,0.41104272937334485,1.0,10242.337258436637,9996.897170784267,180.25927480679874
SYS_070,9,0.6587729547951513,5851.947737339336,1.0,0.0,1.0,92.63759136214804,267.3311389280391,5411.041475703534
SYS_070,2,0.2982191959944253,7167.831166957859,0.9618474893300499,0.9688111880896454,0.03750219003436653,9920.447574247435,9822.636358811633,10158.31419919968
SYS_070,10,0.9125703535557376,5046.236888993672,0.9809508166909912,0.9988446750331976,0.0,5257.181393594095,711.2467746353223,56.584836016386134
SYS_070,3,0.9818353447313084,6910.14803918998,0.3450162317986719,0.6175628374366323,0.976948028380922,0.0,481.18460906492874,0.0
SYS_070,8,0.9896901543689184,146.45035064780305,0.9683783518601222,0.58383178244259,1.0,3614.9098909437503,3011.1818087498805,218.40559331633284
SYS_070,1,1.0,1884.1899299289173,0.9861786518902266,0.995877108440278,1.0,4702.738431934214,4602.005174361048,9804.842399242185
SYS_071,7,0.35808034044556514,3593.70873713626,0.06773552473442561,1.0,0.40866301061231225,9799.05397408506,10620.135941939421,10007.59399563397
SYS_071,4,0.061714372380916246,5107.82853588089,0.4760431764363707,0.9731292832593693,0.15712015139950425,,10046.648524029699,9966.621978247405
SYS_071,10,0.6679666795472913,2222.0685069744636,0.5577574246466682,0.9976702963026612,0.17332298865280085,1343.436830181768,975.5050926572937,4648.210173766322
SYS_071,2,0.9988860246605794,7620.522299112197,0.987419030621094,0.24381540476698266,1.0,448.2442026858036,79.03095255883774,0.0
SYS_071,4,0.826561513092195,25.68315792455266,0.007221433880379058,0.9983219508740538,1.0,9859.682418452443,10094.284854444175,548.5667486265537
SYS_071,3,0.8449383649985263,10177.713996140777,0.9990008245783911,0.9772201999107992,0.992299027109838,78.05872943615464,3405.0355864309868,0.0
SYS_071,4,0.8085642521093511,10215.864058620913,1.0,0.9540400531497927,1.0,0.0,10203.697382461603,0.0
SYS_071,1,0.8004916329495898,630.8179471048345,1.0,0.030331777859539662,0.35631252332635716,10204.323821544056,239.6841787068946,9840.229280819889
SYS_071,8,0.7208385272153207,9971.173688781273,0.0,0.6067761885294527,0.7854529112305764,9402.981651620785,566.6523171676611,1232.7094916689314
SYS_071,9,0.946467853502239,7256.67858308708,0.9644688207320172,0.8254677560221608,0.05325144962354439,356.0093709659356,10101.36327324421,9801.136998322407
SYS_072,5,0.8477031041176881,9974.604755000444,0.9424854928247058,1.0,0.2086342637511102,842.8012017457789,9639.154731048206,908.7267103674756
SYS_072,4,1.0,0.0,0.006126053886141477,0.3374927980565134,0.6564372510559692,2.9247350692837912,,762.7139658715972
SYS_072,2,0.6645947581265614,4340.271502368577,0.419104866362351,0.993812373344213,0.9907038534116989,10065.182099530606,10266.994020499682,9829.330336688043
SYS_072,9,0.6333193292861621,6993.579405960696,0.5047694391364647,1.0,0.0,9824.403217377432,9839.010192060778,10236.448442167146
SYS_072,10,1.0,233.28747712179782,0.0013380385318190675,1.0,0.0,10030.227557902423,10139.50328367071,
SYS_072,2,0.93916969048489,1600.530305735516,0.9526198237327638,0.17559844669249,0.22113438444144012,,9855.837130449747,10008.90023610589
SYS_072,2,0.9905406627187096,6173.881259047697,0.0,0.1566188863049455,0.6695215763145183,0.0,4886.897829198225,10204.159252786874
SYS_072,9,0.4278848394165438,4943.398164212798,0.41394617611752227,0.3601273442556142,1.0,502.40258038998417,1076.023780010382,9633.570549253802
SYS_072,3,0.44793523736188123,1192.5983036932503,0.9738315832462303,0.969057595087535,0.3406929370664675,9774.771935371267,263.9925954448032,10350.577303322578
SYS_072,4,0.03012050702366981,433.8952081216377,1.0,0.13002623656214665,0.028707803328496036,181.22183879456844,9863.487623748515,476.27406888433467
SYS_073,9,0.12649599645245227,7421.890303058177,1.0,0.6802344018300166,0.7581652751972597,2939.80412397539,1664.8495234385632,9828.54897148169
SYS_073,3,0.5210900687215534,3621.5153117975397,0.4994561723248121,1.0,0.23559500111225967,148.09822379194074,3115.901003175633,10136.125879640667
SYS_073,2,0.8887396296909733,7140.364615027422,0.37708458219235336,0.025751656270216184,0.9917603740218156,9918.03966075326,9949.156499447561,597.6245045923067
SYS_073,3,0.8193364829602088,9115.229780538213,0.9918024304840058,1.0,0.8604627348064581,1880.3085956631503,9927.813757233447,9955.476776083133
SYS_073,10,0.757892094475249,2707.3919455555483,0.0,1.0,0.9440815784784087,9996.832785686043,5018.795212005309,10021.111184902255
SYS_073,7,0.9732343113873102,4719.724319800487,1.0,0.8042541161056447,0.9843934638614739,9819.884721709172,1024.448671568889,4665.169339641039
SYS_073,10,0.10592941303157917,1078.3835558594637,1.0,0.9650479528707342,0.9977450846448864,72.53395796612492,664.6293095668278,9534.444886643043
SYS_073,9,1.0,517.1461213266152,0.8774292893678117,1.0,0.9975268101990239,3300.109938339195,9940.38570891495,9922.842432586414
SYS_073,3,0.6795812051747169,8602.768697377665,0.9487247033879493,0.9211245267471495,0.8454394051287404,9964.310203171764,10119.497131873923,170.09159538024738
SYS_073,2,0.1638643446066551,10119.323632464491,0.0,1.0,0.9936074893483955,10405.839192810347,9996.43458529665,10054.575105431539
SYS_074,2,0.912381764331973,936.5048861613809,0.057229378549587276,0.07789400710230926,0.9077504710498627,10073.674568904558,10128.846229229666,89.02118240873679
SYS_074,2,1.0,3751.8982186002445,0.2428302034476113,0.9985316896843948,0.052304685593041314,1290.0650173061076,,9479.42511071316
SYS_074,1,1.0,4984.174080131477,0.9666116556544653,0.37051200767950004,1.0,9800.500538747416,9909.626599612378,1060.6314370679986
SYS_074,8,0.8993463248707321,6457.940786288035,0.5131568938658115,0.07595957643506228,0.9842409368369285,8025.418499081612,9826.522193110917,9958.868246934473
SYS_074,9,0.7045371120719586,10192.725920966748,0.7340404126985884,0.9961024141894228,0.5416775492002982,10044.704379592455,10093.782433509676,692.8780646270809
SYS_074,9,0.5664848141575591,5358.668507121869,1.0,0.3464528317243557,1.0,4830.981006313919,68.44781068349336,296.03005843431754
SYS_074,9,0.9047842700834787,10030.205227187815,0.8890402087703144,1.0,0.9461494213748354,274.365646014825,,
SYS_074,10,0.8171456200225108,10154.065610372354,0.9646966960123895,0.003997353497005138,0.010338099545942092,10134.928837236543,2783.0011223643287,0.0
SYS_074,9,0.8584511895109703,2207.5290393101614,1.0,0.28644659296218383,1.0,159.0160455510201,3218.197776993402,9450.036188584785
SYS_074,6,0.6508522932495227,1686.113905588532,1.0,0.36314726634471256,1.0,9966.87593482193,0.0,863.3920902154148
SYS_075,6,0.8487741494304925,10102.076156187863,1.0,0.5180538634222658,1.0,313.587255619975,9871.370826614806,1575.1452477973237
SYS_075,2,0.3062673161948051,41.240643887940834,1.0,0.008547533249574949,0.9791589354238575,9943.518985192626,0.0,8149.081856254158
SYS_075,1,0.537949611877479,7556.428956534665,1.0,1.0,1.0,9923.523220350027,1442.3911439388069,2083.2628608053656
SYS_075,1,0.6491863784401148,808.5567205461714,0.6099555943756964,0.9840493742444085,0.025945748322522687,10316.048426200026,1471.6165782858113,3669.1364261968006
SYS_075,5,0.06385863358640721,6390.416690763207,1.0,1.0,0.0,7.304550793571792,9986.588547703277,10039.056248854564
SYS_075,1,0.9995264418228961,3442.7198039785226,0.7069116157229919,0.8234919175869113,1.0,52.089243072338775,363.73033388427405,3301.771102861283
SYS_075,1,0.6198097496694442,899.071123687319,1.0,0.3464920756440122,0.9987325144861121,9809.736691392465,2600.7364814371267,737.5455843350974
SYS_075,9,0.45403929356559225,913.3550381193767,1.0,0.4245476923753584,0.3443310449900053,875.7337077820501,459.03371564564213,10097.3448292668
SYS_075,4,0.5649490609386001,7001.94127065285,0.2566311189177227,0.9790942142169917,0.986358533168972,10281.41931505704,521.7090571203709,103.41558373288288
SYS_075,8,0.8000751232731921,1554.6760068045332,1.0,0.9687370639367265,0.41402090485774706,9855.185441421607,10153.787416156867,10192.50598839497
SYS_076,8,0.8670776394758717,470.0676238045256,0.002585721518584905,0.9618282217204016,0.9010228042418001,2715.391794305483,9957.850683368131,9819.734959434198
SYS_076,5,0.6197383067168324,6840.396052436227,0.011601533699705707,1.0,0.31754140912582884,7425.962850102213,0.0,6564.843347488678
SYS_076,2,0.659656059420721,271.5097499087026,0.9963875534694084,0.07284425301887983,0.9916381977922901,0.0,10146.116976361029,2100.4234331050593
SYS_076,9,0.0013266758389157043,6828.249782425958,0.0,0.9896076946561485,0.5916485535979388,4803.65636971995,500.8355781056952,9949.219900511334
SYS_076,7,0.48778439146889535,9800.212241450705,0.9220795039295264,0.38150256134150395,0.9922911835183442,10427.822436275983,10242.994844849653,4230.5085603529715
SYS_076,10,0.09166784055034208,9966.081496837134,0.001751386599604643,0.0,0.720943154082313,142.05010191239418,2624.996640018232,0.0
SYS_076,8,0.3535194106206958,3826.72126404067,0.0893947449271529,0.13330906980693535,0.03315936833144004,0.0,55.59903468524646,9873.646574575667
SYS_076,3,0.3237678982888172,7152.034331842855,0.27821793279993084,0.2937861882039804,1.0,1102.4648733603822,9786.889140741827,974.7431557523461
SYS_076,5,0.9416222656754799,9998.509526546126,0.3149117352796828,1.0,1.0,10086.309709963596,9806.399714149098,891.9807210783114
SYS_076,10,0.9947652717454957,1443.9623613691326,0.16442485904476253,1.0,0.9759963923405205,10175.138588321632,4798.096922749787,3592.554023426528
SYS_077,5,0.8873660939897196,2941.859526046607,1.0,0.9559080295032557,0.9981417661668702,10368.67157859728,9590.92368273487,9614.467696058495
SYS_077,10,0.9751335382416445,535.4716815078042,0.7903145425594021,0.9941885135334294,0.9744902021020064,,10330.600968453855,260.5656571049509
SYS_077,9,1.0,6778.699027850674,0.19149620368263093,1.0,0.9972109219489542,10134.717084440294,939.8107071402064,9958.312861309481
SYS_077,3,0.9970171928005432,4952.665831953091,0.988922458414702,0.9966618142389119,1.0,10213.738404230073,10422.576343308985,5079.464942375661
SYS_077,4,0.6619641905438775,0.0,1.0,0.09740197848174094,1.0,1648.5770995636708,5934.48850859655,9706.870955031758
SYS_077,1,0.9079060132556185,8040.096762326168,0.9966300200617392,1.0,0.008953565623743037,7140.866222525942,9018.751652485655,9999.031812129355
SYS_077,5,0.5332690735451485,6864.935430974052,0.04897338790445176,0.9962395598177495,1.0,9992.511112443104,10524.004077271467,0.0
SYS_077,4,0.8895901709459078,10102.727770597492,1.0,0.972990116586215,0.2639186243682847,9995.569064873047,125.79856252923938,9864.009872740406
SYS_077,2,0.864414184949206,10094.411305787513,0.991541055623088,1.0,0.9955774129024606,10026.247151347246,9923.777449873067,0.0
SYS_077,8,0.7961480842037756,1654.8983275661617,0.995347189772413,0.9888090034903877,1.0,9913.000756980911,307.3410942330005,9809.054912827718
SYS_078,8,0.46771052440442396,2575.6037233501124,1.0,0.9799228101083417,0.24616460368179593,2153.9150243475287,9779.904274405639,10433.566639910227
SYS_078,2,0.31973802710863825,9722.510298169445,0.8884106466941661,1.0,0.9900745320685379,2327.5264210968785,9547.536298985126,4683.165596202098
SYS_078,1,0.9913280937874822,9819.986807764857,0.2387182810792258,1.0,0.0071762292127936795,10179.542351133705,100.59927960979186,10173.605320741963
SYS_078,4,0.825620616335346,5551.095297431773,0.9285438980234615,0.6558148169474509,0.9944270208251981,526.2297346575773,,9956.820091562686
SYS_078,5,0.9885045524767575,9833.04821099272,0.9853236329225077,0.10875171420709448,0.5289661966483554,2335.996950607659,9725.31362604997,2383.8783476327035
SYS_078,10,0.8344043485845035,2651.6044252794513,0.750074878303853,0.8962063014507673,1.0,10230.782497695047,3237.0898057633667,8790.168822213103
SYS_078,6,0.9858850916081601,8022.976867892326,0.988594550482714,0.9946159847723836,0.6884875388293223,9954.561317127127,5093.819878915358,10235.84988559784
SYS_078,7,0.03471641598292052,10263.821954452116,0.0,0.2760024355217602,0.9592150987443427,819.3330981922436,1178.8803443379845,10082.023375105333
SYS_078,6,0.0533129929041124,5825.580377948443,0.6782386119010971,1.0,0.8799281643480458,9609.725240508114,348.4267858283771,72.39699082587788
SYS_078,8,0.48673075881441197,766.2447422337888,1.0,0.6086870633949036,0.986372723828582,0.0,3635.6812333889284,9913.351195743264
SYS_079,4,0.3324292938187253,4977.601825788569,0.20072660819443225,0.3369085922301642,0.9917895776984699,809.9432693566059,9688.123423370664,10236.548304110072
SYS_079,4,0.7680080321082012,7481.377518199147,1.0,0.9962004619185558,0.025755293176478906,1560.1651410726972,1345.8234669452204,107.17055765145994
SYS_079,4,0.9075180893833787,10180.463000630652,0.01811639676116744,0.7611571705753114,0.9838976105810807,2710.713091895482,211.9143691834961,274.1001750254087
SYS_079,9,1.0,7464.955212233913,0.7287128080712774,0.9668506016182197,0.9796448572835628,10001.447105305442,10044.139421456108,801.530088239612
SYS_079,2,0.5427737553083319,3612.1588303325957,0.9934817763868481,0.843500436261165,1.0,234.83338934551108,540.3705134937306,1213.7326054919588
SYS_079,8,0.9131818120319538,8199.121694601878,1.0,0.11603169865816354,0.9888914905100005,628.0944879646931,1218.0857784270975,10033.989016502836
SYS_079,10,0.4910005150887367,6667.123508807656,0.9899987617444804,0.9425322938056693,1.0,5193.963729294395,4858.221457016097,857.5804186137726
SYS_079,3,0.973531411765997,8833.946740552363,1.0,1.0,0.9808395187721112,9717.5355125467,9847.414405327225,9729.320831311601
SYS_079,3,0.5184221472062389,6167.6705754376835,0.6955056460454814,0.9244491277199164,0.004992629613722865,9683.681635239707,243.56883908581733,10185.107395317604
SYS_079,1,0.5817325736690944,9998.149000942423,0.8164560911615658,1.0,1.0,3629.257645489628,576.1938738240478,10065.373029827253
SYS_080,1,0.693100203272594,3745.8673508988704,0.46259322121630186,0.7288644500346486,0.9954691265435275,490.8530030949105,425.0770955679591,9966.367294980888
SYS_080,4,0.9002411763515081,3435.4215202958585,0.9935272505466167,0.0012603666688193137,1.0,0.0,1572.4880915573779,3673.0694958743916
SYS_080,5,0.9394890452098044,0.0,0.9611391326789641,0.37287945527872834,0.9675473254913539,10219.925433776954,2055.1022158192814,165.4829198317409
SYS_080,7,0.7471290554236483,4062.8998395118065,0.11811279502199123,0.027393162160508286,0.4688483867094651,10174.633429396086,9770.682430664367,519.2200491308795
SYS_080,7,0.9935499065206653,129.2196910630441,0.0,0.9705099550219173,0.46270505427925035,,1835.9466964043763,
SYS_080,3,1.0,10067.226738163425,1.0,1.0,0.993753212021292,,3332.4651421265266,10134.10246948625
SYS_080,4,0.9976875692499902,103.4942009669879,0.0392398378105624,0.9965021644040073,0.01163461260113683,9979.93509754825,9928.652390179841,10178.214205372424
SYS_080,8,0.9866826009120295,6592.529364517616,0.9933308548122846,1.0,0.9980464384326736,10292.86951032399,63.03260989786483,10042.548699016988
SYS_080,2,0.48781599844538015,13.029640687892822,0.750623695947673,0.8765989119977756,0.9750424165586126,9964.126858646829,668.3758751738085,10418.09597327852
SYS_080,6,0.600859442492372,1831.7843762275775,1.0,0.3181664419726403,1.0,2565.96612982874,9983.854557004324,1306.0208391370782
SYS_081,8,0.7650274111877523,205.54211642372152,1.0,0.4648656251504359,0.9714691043139216,1375.1187817355926,10340.38075095777,410.0158261174934
SYS_081,9,0.6469321798243409,6164.18258105203,0.0,1.0,0.0,4729.489315373639,9812.584195325397,206.37296170704926
SYS_081,8,1.0,0.0,0.6412951776922949,0.6020463273823954,0.03834541807040192,10256.305808901923,988.8367126211591,470.138485633434
SYS_081,4,0.9906077673498819,3492.583848609098,0.06531760410975622,0.3169273251129012,1.0,866.8483008596722,9238.865733792303,9433.946476890247
SYS_081,2,0.2729919090394528,312.9128094977761,0.0,0.2882423512929823,0.980991071108839,0.0,785.3882705378329,9999.24464481268
SYS_081,7,0.9941842592833199,7105.104975594358,0.9762645464686658,1.0,0.5977964831200901,10418.28314754446,9580.279657072128,1049.2065131189124
SYS_081,8,1.0,3898.902512144098,1.0,0.9972016046183356,1.0,10415.974614029563,1299.932154757454,10163.610196454058
SYS_081,6,0.027918063373415555,6129.452409442347,0.9888327986611731,1.0,1.0,111.28484174062397,10193.070923580532,10094.261552483536
SYS_081,9,0.46947859177590556,9871.48953060339,0.6659834390847943,0.0,1.0,9680.856704576458,503.5221419075,9602.445370520385
SYS_081,8,0.5591349421955325,4708.694736364205,0.7750837493705734,1.0,0.9823486214773246,9975.532618715628,1249.8053282325407,0.0
SYS_082,9,0.7657642133280596,7139.352643795814,0.33520317694847246,0.985156685192635,1.0,4107.46163249361,4674.020289543128,9822.619681168362
SYS_082,7,0.8505004965171955,1651.9723232045358,0.9760070292041784,0.9882629236889859,1.0,10019.625295854361,2438.1803538448457,10162.464057677349
SYS_082,10,0.9394117829150889,1554.4709892285248,0.9569684543555794,0.9417401344487939,1.0,0.0,9910.846195267639,10082.3695076762
SYS_082,2,0.5791585274814217,7371.7189574555905,1.0,1.0,0.912504182754186,4732.734935417981,1897.205606946419,
SYS_082,5,0.5593120396746278,6903.067380343804,0.2764562144938119,0.813827472367518,1.0,3978.9361742855954,3842.5872342105367,
SYS_082,1,0.9841180702257577,10023.152093341621,0.7483846858804298,1.0,0.0,475.00345494783795,10168.324981774625,1413.5278241407511
SYS_082,10,0.7894986299572252,9734.133670139276,0.9138968013019583,0.6721369253497416,0.9723733157118366,9496.010540341855,491.13530775024617,10031.780073160273
SYS_082,7,0.5859508532207479,3642.561645237794,0.010849740765435939,1.0,0.9947368030672752,1894.7892351819696,374.7312500886402,9767.387276129255
SYS_082,6,0.9960372175663379,1173.0153918115204,1.0,1.0,1.0,10152.242200507411,9866.678866238553,
SYS_082,7,0.6650844156426516,1025.0182484219652,0.999534695897717,1.0,0.9979267054287456,4836.685029414702,10387.149158718239,10450.63239999918
SYS_083,1,0.9819890186881202,5391.025102522758,0.030677795234076,0.22801929914716543,0.2663181058586602,4757.158122297342,10089.141060519465,10126.277891726886
SYS_083,8,0.9697847704778618,472.1974698837726,0.0,0.8249733997509792,0.4544644610762681,9985.124978198115,9730.25453865372,5167.8484232915625
SYS_083,10,0.5873831286486856,10236.516616713698,0.9546351346132491,0.6014384081382825,0.9965542210884548,1712.3334117735124,1175.8755280454222,10302.704891639965
SYS_083,3,0.9841046964450194,3868.5466337837483,0.9984670753947387,0.2457783226273256,0.4017720141259974,2022.7043403503374,4249.688038026881,10223.43065097546
SYS_083,7,0.7814366095888309,24.14875511538952,1.0,0.9949082272113539,0.9808521883032687,9773.558501074516,102.61543790541268,10006.931356892166
SYS_083,2,0.9638574637032131,0.0,1.0,0.07070379820230963,0.011667885516793618,9977.090359154392,825.9527173816242,9959.333707850761
SYS_083,2,0.9952461925106055,8041.09272205556,0.25111469884031595,0.9954787968760134,0.9653977770968444,1664.0494198205442,9647.373566833701,3596.5748127802153
SYS_083,8,0.02921758638839167,22.703407223976455,0.8133092190107107,0.0,0.9930803547895768,206.70472697191556,4679.906298365647,10005.834032084806
SYS_083,3,0.8575188585018193,10035.52771724446,0.8316288157803233,0.9947702572858674,0.6517857534296119,10358.4967769461,9838.549235931518,9835.321375530795
SYS_083,8,0.8746992469572475,4839.606640851645,0.9983576438320263,1.0,0.2366559712765849,617.1406200208021,39.429573589929895,882.3826986027409
SYS_084,1,0.9806277218243424,318.2428649851944,1.0,1.0,0.9536377167757562,1507.7390811510422,567.5365364788278,9794.227427162712
SYS_084,10,1.0,6932.669500808087,0.0050745162601421225,0.8641820861395276,0.6038354278100169,9863.01801763366,1056.5653976840852,9618.60872795392
SYS_084,10,0.23913868655548834,2475.3615073891483,0.7622308823946151,1.0,0.7499307113142951,2383.94757580804,10541.814907136262,10218.271246125534
SYS_084,10,0.9999851866119307,3277.1278096869833,0.014616028601642708,0.05183312905317075,0.9915322129369377,3654.751061633244,9837.736166818584,0.0
SYS_084,6,0.9361667008017286,817.7662241879461,0.9865754065218926,0.5533140212986142,1.0,23.168568416833452,9931.015381558454,10095.660109734206
SYS_084,2,0.7273080444504607,4112.26425309362,0.9918580812300402,1.0,0.18554489410132616,3415.6105976677,2073.866247155693,10399.530941804998
SYS_084,1,0.4733824528216298,644.1024896631525,1.0,1.0,1.0,249.49352070023144,10237.14586587589,9697.727039622283
SYS_084,1,0.3665940284332232,1527.4758193323519,0.00477742549526331,0.035684748439999456,0.895478449004122,9912.731023588743,259.1333626534872,3231.0043691906126
SYS_084,7,0.02907205370590268,3445.7945124327634,0.023485135245612306,0.24404380756587404,0.20338301394715474,0.0,9901.648321205552,10326.141508820803
SYS_084,2,0.31074769570339034,149.46706931808274,0.9686176964607927,0.9737613778042178,1.0,9889.124125944601,1660.1024866719686,10149.919161562806
SYS_085,1,1.0,4916.306939167204,1.0,0.9942544601453053,0.8291631176676119,1103.9807426059988,9844.252101405005,
SYS_085,1,0.5498994100981764,4757.460671099857,0.0055111348930284255,0.987611903197711,0.8036195119937338,,236.2770112040812,262.46468494831066
SYS_085,5,0.7541702711803747,10027.702456934563,0.5107740319357957,0.21163987454452268,0.47315112109090446,9920.199235610797,1015.9279655949763,10525.327628691248
SYS_085,8,0.5757411617796896,9768.461809277893,0.006922887529329433,0.9944699573776448,0.17265991287466362,342.4175793325105,,
SYS_085,4,0.4522693758465815,137.63939377282,0.1841500913392234,1.0,1.0,,4130.855562410383,9979.04356129278
SYS_085,8,0.07598255001645093,676.7703544002372,0.504645700049926,0.025840068388184954,1.0,,1736.9080869759855,1993.2566083162744
SYS_085,10,0.45004939749302075,404.7989107218833,0.9953599775946306,0.6796177187371428,0.8241547443146143,10587.389695482381,9401.2966634912,10362.62614221656
SYS_085,4,0.6589889788112517,9815.283649941872,0.9110953204458124,0.8488803041249455,0.994885649287225,9875.48220025836,3081.0826972605055,225.6521074242492
SYS_085,2,0.8661641801670749,6934.242971062788,0.1728284878398854,1.0,0.9805823245778905,10064.458290879553,170.1157242472235,1947.2591868975644
SYS_085,1,0.6714022605323136,3564.165124172645,0.7794921607917729,0.6198930213665779,0.3004486876352855,10227.57667963202,6314.675306810794,1298.8944240646256
SYS_086,10,0.640111316829114,1767.0580560245671,0.9814221318832859,0.24183915075375317,0.9828054909576771,0.0,3310.873980731761,10270.02580969508
SYS_086,8,0.7725778167983532,43.377571542604585,0.0410616958791541,0.5858780054911749,0.01352545724406759,873.652618446793,10246.098830958941,10037.286420749952
SYS_086,4,0.6733893532460175,5677.871191757822,0.34669663285866403,0.6631315758632456,0.9736766654145452,5376.083645219072,220.5838148155962,9836.033471663199
SYS_086,4,0.5784526961129373,7154.704525993079,0.11956503406411502,0.9736207860614942,0.978537774031043,956.4357022353479,821.0303497512638,1167.54653524167
SYS_086,9,1.0,786.4217356619806,0.9802149026989252,0.8466000524219016,0.0,930.9820029919365,983.9078135767373,459.605218583514
SYS_086,1,0.663544033128942,10071.278416260033,0.0,0.5284174989473811,0.9945167415318751,8348.017979028798,0.0,462.71687661377507
SYS_086,2,0.6457734812491055,6251.695677746838,0.27045319956507924,0.6318401254697482,1.0,10168.868813951614,46.143409847730084,10083.831457166154
SYS_086,3,0.19575188666414056,483.78931931955077,0.9890018973180525,0.7211186474304774,1.0,674.4905426765657,0.0,0.0
SYS_086,2,1.0,6713.208864176178,1.0,0.9329142030532447,0.9664417918345186,9785.87978085961,9936.133022376574,9777.628100003863
SYS_086,4,0.7845305679098195,10137.092476783917,0.759098559429397,0.336546924465499,0.9968067242021634,9891.84009544533,1940.1586291216558,1024.5792234028756
SYS_087,9,0.5974933979621214,698.2845542935173,0.9985179552338765,0.9960809777652981,0.5687875207131524,1392.8999647397143,9617.452999547177,190.65546218117458
SYS_087,2,0.7553063186935371,122.1017857718449,0.9976281085105583,0.7886185848933192,0.3201149518690603,481.4477827141018,831.1187777340965,9842.722253606888
SYS_087,2,0.01920979228819824,9898.638045307052,1.0,0.9519201961793259,0.994932164727862,9959.074509265582,417.90809876013225,360.312228259349
SYS_087,6,0.8402184141088529,449.99179568324433,1.0,0.5439588079128084,0.0,568.2170407135104,9932.35773024115,9907.244525826925
SYS_087,6,0.4180984422905148,2284.6193104513104,1.0,0.6344204539947808,0.413893998429647,9965.53021466349,10079.202971354021,1009.8174923880377
SYS_087,3,0.12440429025990905,7379.890468200043,1.0,0.7035572763920274,1.0,3396.507146734179,895.6296434013881,3054.448305978251
SYS_087,1,0.9913172922676525,10090.781962655306,0.28021734443803337,0.4412781525591801,0.956694745741656,10048.242187172864,2542.0071684457253,9456.95132713377
SYS_087,8,0.9519902666479697,9985.796804065578,1.0,0.8412630584551257,0.9924308257858857,2916.287883912217,209.28242114054675,1689.366926103566
SYS_087,9,0.6939927519679454,10136.159841190294,0.990131478417605,0.7617780541940671,1.0,421.10052095050884,9741.462129398871,1136.082514853956
SYS_087,9,1.0,9803.888799109238,0.9633802051616681,0.14646247762965403,0.9952403569003567,10010.12017803177,9905.262519388476,9870.985766510315
SYS_088,7,0.9886231469658234,670.9559679034578,0.9724931809755961,0.08438635805830777,0.08753446872027726,9960.79889223382,3115.865809314229,19.772722423482946
SYS_088,1,0.2233075227272246,4432.734904778487,0.9870411730607727,1.0,0.9656948154581512,29.963008462809956,948.8239734282612,1845.5839963134647
SYS_088,4,1.0,9827.676106859986,0.03292103735695633,1.0,0.9869059128176042,3007.6278444183044,10017.323891569227,2647.208530746451
SYS_088,1,0.7324898234777771,6838.80963323553,0.98934166916051,0.9977776096428642,0.9818335413592469,9700.358870919115,162.14848396077753,620.4875711057741
SYS_088,10,0.7925136069600603,2732.1648624600784,0.013735896562155635,1.0,1.0,10067.68830650828,331.35781993920193,10051.292599163507
SYS_088,10,0.7836589912912157,362.47762882638045,0.9680944694117257,1.0,1.0,9883.029397285232,293.39610680466524,9941.706247987759
SYS_088,8,0.8737738185408116,1199.5803048691141,0.9824576084640351,0.968251141863167,0.032038232753232,9882.446931460334,10088.725444415106,9724.336892788317
SYS_088,10,0.9946021277750097,3477.021269587167,1.0,0.02824283722201537,0.7894001930343825,17.188999530551126,1140.3684614554802,334.11357645373823
SYS_088,5,0.7208422074533016,10033.413435312817,0.1982687110892752,0.01705741119443101,1.0,26.44966278048169,10519.213229460822,343.42294785987724
SYS_088,3,0.9808951379392481,4997.593621056511,0.4307615140714256,0.635254617349211,0.9814227985142504,10001.617144483473,1728.4674664727252,9565.26451808396
SYS_089,1,0.7433284019617636,5425.607987085936,0.8576751331527981,1.0,0.9896011560739113,5376.110401802395,1839.5438194919916,10049.783321243727
SYS_089,10,0.6174360917276768,466.60733221869805,0.9634568292023566,0.03432096864295318,0.9880924014531892,10145.22256237914,197.5005871630311,128.67112632420896
SYS_089,2,0.7943978675705998,821.7829056076574,0.9717143480315577,0.8951245825418922,0.9905226609987597,774.1254041478483,5536.931085527918,9929.26435484917
SYS_089,3,0.052481163148691154,4901.245397328526,0.9887058700253065,0.9894560079184597,0.9932831847044186,9903.754102504852,9784.210865416582,10461.103565569605
SYS_089,6,0.7670312676166975,9007.885034298812,1.0,0.26121276095298074,0.9741281469074485,10171.825857379587,10014.573795264485,10437.244272209333
SYS_089,10,0.603322731987202,6778.260996084051,0.571062300334604,1.0,0.0,9915.939194531296,537.6540879855631,1897.0013132815352
SYS_089,6,1.0,8210.78192866014,0.984344973168571,0.033064930287497775,1.0,9876.97534391069,10143.317619270703,9951.01109499894
SYS_089,6,0.5692780161763284,3956.314298620894,1.0,1.0,0.9993645816120428,10470.39682386725,10174.987448832364,3570.1883363108113
SYS_089,5,0.25158754033370556,308.60669058781264,0.45171136452619265,0.9941481034785722,1.0,9831.588288325975,193.7183922615869,0.0
SYS_089,9,0.9209969018572568,4907.20082989606,0.9849390428602498,1.0,0.0,9510.706254952953,5000.578881949882,9797.562116935394
SYS_090,6,0.2636093724590939,10036.821806663856,0.768101132017601,0.45042628907277693,0.836946784114301,2029.7865344684662,0.0,10111.437316552405
SYS_090,4,1.0,10177.209394683665,0.0,1.0,0.9870193188454226,9559.687577325962,717.6622607409449,626.2413996792159
SYS_090,4,0.5974936965264144,2155.1266141190868,1.0,1.0,0.5272829381632482,9761.42804330072,78.17505703617567,957.4667901369796
SYS_090,6,0.3264187421248235,6289.759252156677,0.9812927756597825,0.9401537583438732,1.0,9811.742880369737,76.91191404069549,10173.508005646328
SYS_090,2,1.0,963.3610701312552,1.0,0.9490045296296536,0.20935722149135857,10007.735306641005,10325.70490614547,0.0
SYS_090,8,0.7953029556647009,7677.729980932075,0.5276898449769903,0.2835563135625406,0.059230167939933805,9550.638737345173,1902.293681684567,9590.061210121281
SYS_090,9,1.0,623.8273228737559,0.7269135947344969,0.008450576905361207,1.0,504.7050579287719,4004.8435618979033,3638.9663398497273
SYS_090,6,0.7955556091051439,392.2192902407149,0.0,0.9995845083178999,1.0,9588.74930147961,112.41257535528675,10356.034526044272
SYS_090,3,0.5869091596939308,4136.644716517834,1.0,0.02136959344856254,1.0,836.5368843668855,9965.034617254612,10121.743779775077
SYS_090,9,0.697945747881479,6993.616914250902,1.0,1.0,0.8184404631555976,9928.931081744448,1980.674538359847,9932.81528558065
SYS_091,6,0.6737682871174401,10141.809187761077,0.028694262827981168,1.0,0.005243205920593487,1314.2862461754974,932.4073103180822,10297.316131473743
SYS_091,9,0.4351402729830884,6658.3371804705475,0.996237505645771,0.01952838323851605,1.0,92.07366795231597,,10165.684698451729
SYS_091,7,0.7625942161689947,4847.542926558879,0.9964120492330985,0.5779253366463613,0.990937924751092,10260.21447703895,9998.688465224368,430.9871639719496
SYS_091,6,0.767490445621658,4161.192446422181,0.7489495519708183,0.5094273433502069,0.45896643904656176,9920.753622682572,2447.767411804882,527.37132663805
SYS_091,1,0.41207411519838044,10006.731831892474,0.28131359895038544,0.23404772902556706,0.17706878608046958,951.4405147764187,10217.007207425333,1780.4865179546082
SYS_091,10,0.32961390556286124,6890.281371453282,0.03203477904460195,0.9441988458391851,0.9904591676113803,576.7518459667149,42.30599475736157,405.1562039994854
SYS_091,7,0.9819516639250168,25.95591100923952,0.5628086821463804,1.0,1.0,10225.646085651988,9795.384134027025,10115.96451219703
SYS_091,2,0.1894283556775655,7953.116085377104,0.6829490866430691,1.0,0.9760011323056849,6970.891247506034,10204.584659828002,10208.480547849573
SYS_091,4,0.6102176749479477,9923.400846971728,0.952813317738531,0.9970059936115743,1.0,10070.555756864194,490.0334648033903,419.6635941012734
SYS_091,9,0.9625382331989387,9867.512440535082,0.8210916403865759,0.9470333103715739,0.07109290654576474,721.0098008554088,4838.11047631656,10023.321616109635
SYS_092,2,0.3857930908045334,7125.311520856455,0.0,0.10513435301358898,0.9623644897546766,298.47240762806103,3230.886783047836,3678.3589084727605
SYS_092,2,0.9257881858341515,3484.9637628145474,0.7658786949099669,0.9841068922388372,0.6713339304943791,4659.874628919705,7497.229044773411,9852.740714307973
SYS_092,9,0.9946501040149108,7042.845762244962,0.7996172386124459,0.8958531142218129,0.7354662069667216,914.6082090892725,10492.192078278375,5511.227299674312
SYS_092,4,0.7131753166773219,2904.653657562361,0.9748702348088394,0.4741711159738373,0.018148908858688292,211.81730074493404,9946.223328763219,9894.86013626136
SYS_092,3,0.4732379592055278,3006.879342138644,0.07838361947615599,0.15581240308650676,0.4424003738482032,460.08780802092474,10101.051549172646,2641.8215793900963
SYS_092,5,0.4525560354290328,7248.305633104741,0.9911370751879638,0.9749217176017423,0.1644086537035681,9903.301255384567,628.8317214472999,9646.006766895316
SYS_092,3,0.3230666267969035,0.0,1.0,0.0,0.8008485498715955,164.45845502869082,112.85887714867192,10160.730201005248
SYS_092,4,0.9508944033914991,5237.460568347586,0.6513323264349861,0.9527164521196508,0.11451045457915349,0.0,2002.8651746604169,9963.888772962313
SYS_092,3,0.8828832030712702,6938.358066893997,1.0,1.0,0.17189493468883793,9570.388564925925,9728.149007842287,197.69163561463628
SYS_092,3,0.5788450094695919,2568.170190136984,1.0,0.9229540996221055,0.9934095266111822,1360.5763232938086,440.436733433375,0.0
SYS_093,3,0.9985335454391497,5358.541573557458,0.05532753002044326,0.7971296954202625,,,9843.35629194058,
SYS_093,2,0.6207582317368305,1121.4704297590288,0.016309437213833374,0.9820384573766158,,6124.627184280866,10059.0061702006,
SYS_093,7,0.6442861004773779,,0.997358527680836,0.49104740475783504,,,,
SYS_093,4,0.4954167675814616,,0.607460457468181,0.6685159381188542,,,,
SYS_093,7,0.7909051581705147,10151.82568901632,0.9955545794781964,0.3093644912830663,,,89.44741426503758,
SYS_093,2,0.62795366453956,155.07948980631775,0.37961719646017966,0.03769199522776197,,10040.93382428521,,
SYS_093,1,0.7151121025870978,1016.6631234076167,1.0,1.0,,6362.458629438566,,
SYS_093,8,0.9712238440674473,6936.43720233056,0.7818516862260038,0.3192608155797693,,1365.2012020479124,737.0824984296357,
SYS_093,10,0.8593566061474965,5248.895728833988,0.024885586607243822,0.7220563319805772,,,659.5795762289592,
SYS_093,7,0.680692061042428,548.1694707071906,0.0002612574869668066,0.0,,2909.0635452269307,3433.020325486331,
SYS_094,3,0.6105324461158176,8254.278096555954,0.0,0.24655792951732686,1.0,212.14165608447092,2360.09615429801,2678.534525311075
SYS_094,9,0.3422745804230306,10077.067660933531,0.5532099437113187,0.9752152449554174,1.0,9944.96910441381,5491.130168467272,963.9289626800517
SYS_094,1,0.5314768209248093,9868.693620045944,0.2659946935787282,0.7704653329653401,0.988097891378298,20.01618878991752,9961.520421528036,136.41887757653964
SYS_094,3,0.9933853542151604,1700.9856443666408,0.5837445750393341,1.0,0.00016285446161905904,10022.666122337214,2421.251147064915,10006.599957680151
SYS_094,10,1.0,3719.210230853898,1.0,0.9840484753749136,1.0,575.4160464754402,9822.311273343717,250.2231057359393
SYS_094,8,0.5512370282673967,3896.3946953938416,0.0,0.9469448713768229,0.9799428766644741,10255.653902511638,10590.154560878289,10279.535494471078
SYS_094,8,0.5423733433118049,6817.293461873222,0.7177863729444339,0.9847911195982822,1.0,4755.732394583959,10028.305534035508,756.6370047169868
SYS_094,1,0.09429522617929997,818.2596801326637,0.7279284667611917,1.0,0.9001068018458345,1611.1737227702845,2578.312572819383,720.7720504374142
SYS_094,8,0.22177717916863865,3599.46094235325,1.0,1.0,0.02093457725281219,10047.632566752414,10153.059083785625,378.29429888839036
SYS_094,8,0.8102456949596067,7093.110366909622,0.5156621716092682,1.0,0.12798244706483175,10074.791596661875,3791.8612084601446,10167.347542332896
SYS_095,8,1.0,1455.0714441415817,0.9906101658079973,0.9933043098313603,1.0,1556.1861362772217,755.5792743693269,9824.055481831472
SYS_095,4,0.951288054041456,4334.869820700994,0.9860161549767675,0.0,0.9788566567198914,0.0,4676.772736928938,419.7331687775752
SYS_095,10,0.7009525989519626,8627.495350877802,0.9067682454098951,0.32865085626227464,1.0,4008.261268019606,10398.528865552418,1430.7987075211493
SYS_095,3,0.9646460230238785,9862.560251485354,0.9965501933293257,1.0,1.0,1014.7258228495292,745.1266464648802,1658.9842500248315
SYS_095,5,0.22176965988460187,320.67264825027553,0.02135450275174614,1.0,0.9965493399463746,1274.450667742611,1498.8186213221502,2990.1653367046683
SYS_095,9,0.9271954950207936,7403.07555416181,0.9709738716240697,0.9967992808475926,0.9928680591983504,5148.506725858431,1100.2878599857727,10213.01473881863
SYS_095,3,0.5859591359700338,276.3006011202827,1.0,0.05778960002314681,0.05145218633686543,286.8036551792369,3326.1140606225663,2857.001806482568
SYS_095,1,0.35732223677919495,9972.012127630735,1.0,1.0,0.0,493.65927972634125,10344.91335824934,789.6549986709978
SYS_095,5,0.6651175587235888,6502.051454145161,0.9844859731958379,0.7613461393636644,0.9487749814215675,316.5015500973291,1700.8438762852084,1211.5433946397518
SYS_095,2,0.6336322350306456,5696.536455107581,0.9898547192621628,1.0,0.9762212250153112,5412.195238922366,409.97988717433736,5031.186292917577
SYS_096,2,0.2286277845647011,5520.9340097057575,0.9997292737333165,0.009761211515631425,1.0,569.1148222965346,10115.650245200157,10308.27984731773
SYS_096,8,0.13881757328624336,10062.167778160223,0.9641199473999967,0.0049041690773016745,0.8735578535745557,2218.369563366038,9928.53388363856,1830.2940490135363
SYS_096,8,0.767325949855162,641.1020510118292,0.9995647147367007,0.9830298879053248,0.966819414512092,9862.271878358513,1904.8749115238695,9891.736014713577
SYS_096,10,0.7108028748205193,6907.535484913415,0.6250529618651204,0.9847713922982387,0.43725030668061937,9740.099000570142,868.6866256446475,10422.591608796438
SYS_096,3,0.29806346868599315,3948.8878586405494,0.9641263768758104,1.0,1.0,9997.623834663287,1096.1063371340422,2184.08131554206
SYS_096,1,0.9626069030116671,672.1368742390246,0.12308452841667435,0.3434211386932239,0.008431775002150017,1773.044521833232,9899.858418034724,846.0340481724585
SYS_096,10,0.00916239289942028,4271.62780692099,0.9297646463570289,0.9596484610700033,0.018920589820496554,1934.4893117248782,108.62599206582603,0.0
SYS_096,10,0.9798454896585269,6724.212590917994,0.3947761278115208,0.0,0.690556228355427,3163.636247603919,1112.299355413526,10278.620716640493
SYS_096,10,0.9965408439560286,2931.6409342953248,1.0,0.972316058728754,0.0016578177130813832,10075.328899593298,1439.073170291154,5305.547068911688
SYS_096,4,0.9990066855495255,10001.28164408223,1.0,1.0,0.9944412577173264,,1348.8882272043375,1368.7027815536637
SYS_097,8,1.0,4438.472766308215,1.0,0.7764220703829507,0.6696640099555287,9987.277779073906,9875.612767131666,9783.686211401688
SYS_097,2,0.9803586610032833,9991.308545764332,0.028551331839598668,1.0,0.5617620702347582,1934.7656837849902,1332.0486825951396,9998.509620020399
SYS_097,8,0.06750923905211802,9943.8312120992,0.008653188774276444,0.531864936339585,0.9773922337152715,10009.279605878097,909.6273348562789,472.0377100238019
SYS_097,9,0.7022103762968108,10074.487580769097,0.9836508388487057,0.9608104888210218,0.9615400328874969,1536.982872597785,9973.664233011228,111.44175981423464
SYS_097,8,0.39174722821565916,9701.274645412183,0.797077554299984,1.0,0.8707768068271255,5526.775593669094,297.95884877586025,9892.512578733073
SYS_097,9,0.5660676374845363,9784.107009783653,1.0,1.0,1.0,9859.354989058937,10021.937971896003,774.9407529072605
SYS_097,10,0.3995546713170462,1003.5710724864783,0.9798753665388749,0.04392349225830873,0.0400563989382937,761.5876448757698,3073.0239287659456,285.9479255457541
SYS_097,2,0.4678200442093628,3940.049554851349,0.584525307102883,0.9853154899620389,0.5879723434923287,3000.8833379721646,687.4591181462872,5059.1404457703065
SYS_097,1,0.7992717520403742,4540.331242716067,1.0,1.0,0.38842984958764337,9889.63775359886,1401.8705844992196,9609.45881056917
SYS_097,2,0.0,10013.596330655062,0.8182774201053433,0.9876403486977591,1.0,10372.493650775716,9949.154056155188,4154.183793163869
SYS_098,4,0.9501934165398673,4330.192559819803,1.0,1.0,0.02773634067908432,1040.5211926445388,10317.924305422819,253.94447276668075
SYS_098,1,0.9991276510316198,10173.545751289974,1.0,0.997900114776505,1.0,9855.56938011149,37.07543272739859,2681.332425107086
SYS_098,3,0.10020842903342174,10045.71502056859,1.0,0.9925564224538418,0.975720684769687,9725.263224509414,7973.0828593800115,10041.484181591819
SYS_098,6,0.8699110722517603,7265.436157598373,0.42416476904646494,0.09286859329059188,0.418841663843667,9818.627010988892,403.3310846050214,191.82634073700427
SYS_098,10,0.9956261048800632,9456.799547784063,0.9863422725295626,0.10955507401425817,0.0056813897072191975,10030.33525844508,10038.674829782718,0.0
SYS_098,7,0.32374892158721436,1035.4735380306865,1.0,0.021686186402614292,0.9771100518843685,10154.9049859885,9760.01971707055,9832.783933928296
SYS_098,6,0.8238877511917678,1189.4638846322619,0.8308249964947796,1.0,0.5482784435637492,9995.913705604311,825.1435107374227,9837.775967677793
SYS_098,10,0.3536027220475612,1212.045839738384,1.0,1.0,1.0,52.813777952687644,9945.236273321723,10005.572870685519
SYS_098,9,1.0,5370.742289218463,1.0,0.49555308602547915,0.83666899237409,1434.1962521332798,10182.014285294554,324.6447354118278
SYS_098,4,0.4505927912355307,9965.326502909627,0.30353820332625275,0.9912125023344118,1.0,9840.58118797312,798.993633284949,10095.25516289481
SYS_099,3,0.9997437382490248,9979.655969455524,0.0637986389575827,0.6698254647551249,1.0,9661.041304725091,111.06078307490027,322.05167740972496
SYS_099,8,0.8701017705592275,7401.203187507739,0.9965645482580432,0.9918028427986604,0.7907621713328011,10161.48609860754,10113.74509113246,4114.2011981729875
SYS_099,2,0.39786571387695596,4076.7973651170787,0.24371183498006246,1.0,0.9796139820595946,10176.726515605636,3295.282308733573,1442.2718908882407
SYS_099,5,1.0,3123.643022945745,0.06277540411781654,1.0,0.9607847005911563,9991.132116405219,10146.807472008659,9922.858998297314
SYS_099,1,0.954943839005866,8998.566099042235,1.0,0.33423764477103557,0.7331946575033029,2496.7853717547437,45.69197481133254,9996.6105313938
SYS_099,4,0.8107687125939964,9986.378225169537,0.6377567285563619,0.9821599292873582,0.7398024260576243,10192.108520426802,3067.4306259977734,389.909269042461
SYS_099,8,1.0,1022.3638518658473,0.9856178949957104,0.8166701910758584,0.9843634682567354,314.6894166664703,10420.741533615965,0.0
SYS_099,8,0.7706590967060886,10091.774577975306,0.0398756630400341,1.0,0.8434749586668033,1476.9690120561722,9908.42512116275,85.0954576312047
SYS_099,4,0.3201745061244638,6375.856246362939,0.9913961397441085,0.4494935137993503,0.7621936094482592,9775.539844008035,2297.693753235995,1424.261854962109
SYS_099,4,0.0,5318.822137309999,0.9677376198351956,0.4858398935640624,0.9967103819474344,9923.556229630098,9759.094422746695,
SYS_100,2,0.9892754209253134,4743.457094380345,0.010901976185525483,0.9901804977846383,0.7404858371972364,,9775.435443965784,10103.105888859523
SYS_100,5,0.618115600181188,882.8006257791587,0.1553874074992197,0.9938587887019515,0.9607453949013827,9897.450450282173,0.0,10281.224796479588
SYS_100,4,0.9581057702669356,5458.438849062944,0.8801583510922196,0.9955565383321906,0.9954824532851093,10141.902910699715,1293.9312041448525,619.8517696484178
SYS_100,7,1.0,3622.746467137946,0.886538429351522,0.9746483302667689,0.0678996316703539,9685.573468460203,,9700.872202449855
SYS_100,1,0.9914369388447262,6782.83456295357,0.3969231176799553,1.0,0.017751597920535614,5302.459391318617,64.81508049111552,
SYS_100,10,1.0,803.529820734967,0.6215195489649953,0.778320397434302,0.9774946263123226,1458.8798108651313,767.3586924030731,10063.38498775731
SYS_100,8,0.9192445699286527,6844.952138619602,0.787532316785359,0.9890102630543249,0.04089937327965745,659.7411341162309,1191.9977092292506,
SYS_100,7,0.3585598045373662,1294.6830017869763,0.15966250268615975,0.9864354900548897,0.7357979934632571,3661.105014795918,0.0,9888.320944515437
SYS_100,9,0.4638068512917837,383.4245600490415,0.3875547472716945,0.4476954592094678,1.0,,10218.363755230697,9736.450306883738
SYS_100,3,0.5912749200108532,10097.12819686379,1.0,0.02984598174994698,1.0,9879.345929943887,3040.7553801065137,9826.488391035264
SYS_101,10,0.7050594032964177,9990.42677479915,0.9811494101876078,0.8067603212344538,0.5368332863122682,10144.066407147131,10347.419729047891,227.0550598348604
SYS_101,1,0.44000876988427995,158.81683814730533,0.45841703839647363,0.9970039214205884,0.9831537459008555,518.4449583862811,1948.5367320280443,0.0
SYS_101,7,0.7789426715525805,6974.720672775744,1.0,0.512924437918322,0.9825244500240244,1290.0343583049985,625.2064974628904,340.14122644459826
SYS_101,4,0.015774259911975976,208.01571291036652,0.9839149793887007,1.0,0.968531915593563,1539.5394388949849,10286.820916536852,459.5008106210464
SYS_101,3,0.6188619484439007,3903.37038416146,0.7485681555871317,0.026004535901733045,1.0,9599.60271620209,156.77460620901365,592.9182427485565
SYS_101,1,0.992555205951207,10075.69257949166,1.0,1.0,0.011756814053129158,1447.307012879598,10175.31904208355,115.23987461025172
SYS_101,6,0.6666819764531774,9895.773417762508,1.0,0.657840140613755,1.0,374.8197633447707,2078.2812471251827,1665.7333565498143
SYS_101,4,1.0,4944.271847772201,0.7034567436949427,0.30878964173265455,0.006597015791054783,0.0,4967.686443512525,9995.960233909358
SYS_101,7,0.4240569833222798,1296.9057425297415,0.9863159597937488,0.1542722373466478,1.0,1784.2853799289744,10022.688908880913,3773.7282054909333
SYS_101,10,0.6242923012267706,2018.936416313773,1.0,0.04639856142382114,0.9860909780680354,876.6046114253124,7361.136476465833,9556.277479529292
SYS_102,3,0.8682928762557451,1127.7075184744167,0.32900380159968173,1.0,0.9938409860184408,3224.39799708738,7482.604344696596,10167.700708458353
SYS_102,10,0.4698020580098214,4671.793476242545,0.0,0.9887061156703174,0.9910206082563514,10495.204940353176,2018.8021193346444,9683.189704875162
SYS_102,7,0.996714437637617,3400.8760521849895,0.5175311603784808,0.9904835369316215,0.1425551400838937,10093.05860158298,9847.56819039337,192.02028337105696
SYS_102,1,0.6917076983176674,4339.669362248817,0.018048578610006364,0.00032585251547371076,0.7583180644404632,,4893.757478310149,817.1337296223867
SYS_102,5,0.9378251340458114,407.268388793933,1.0,0.962029302370552,1.0,323.54763991444975,454.80356531672237,0.0
SYS_102,2,0.08493393619273319,54.059548119071195,1.0,0.04080816601204911,0.5618656336483626,10190.785695898563,184.88213215364848,10256.875094281775
SYS_102,9,0.8254686222409622,176.15151600910423,0.9837645924948978,1.0,0.9934741516095361,,9938.567902939398,2000.593084277254
SYS_102,5,1.0,1350.6870429206901,0.2837938696069099,0.8892802405081351,0.10585904315864414,9719.297490307104,9850.562517506702,995.5693596860142
SYS_102,10,0.3812985486155582,6949.402810587657,0.004133899157544496,0.9498141803428936,0.9957801554303594,1159.8134761567949,4415.480932487562,3008.442984247991
SYS_102,8,0.27585843457772297,8183.2448527442175,1.0,1.0,0.34469088892524674,9776.457647687295,9785.787243949411,4794.184808372296
SYS_103,7,0.9798006476988496,7097.455961119348,0.9954252266480972,0.5814923468764547,0.862579604671952,9962.391840582917,2830.26694069114,10088.203920410404
SYS_103,2,0.013762937578557793,3711.8736629375944,0.9995721888970787,1.0,0.0,,9660.525646775917,9652.470118780006
SYS_103,8,0.9986497295439803,267.9894779933567,0.0,0.991788535640614,0.9981342612999072,259.88023050790036,5297.0360850816105,186.970663874105
SYS_103,10,0.27390347478278926,7312.400933386005,1.0,1.0,0.9912641163093282,843.29968188332,10408.05280090651,10181.066545452193
SYS_103,6,0.7973489165526886,7435.501324896534,0.934959182908566,0.9963749003504502,0.01986214126347559,10241.715460609787,5150.643798229358,2539.546246253812
SYS_103,4,0.8567367832629644,387.1850579369518,0.3416742680752744,0.02548782842205491,0.2976695864650967,10284.855396931413,9987.223639440619,9909.234118833127
SYS_103,5,0.26222370171165305,8108.679706500288,0.0005735097686563205,0.0,0.039907811707282616,0.0,178.95673167685368,5091.401496491292
SYS_103,2,0.774986284330278,2414.5008341934576,0.12463565423069543,1.0,0.7010890213704672,9522.553407089252,9964.598660044761,690.7850346510712
SYS_103,9,0.9844037629477,4216.787715558595,0.08821999475803757,0.9531342566954369,0.9805032333744483,10254.78151450584,10134.4234898947,4147.420487178487
SYS_103,3,0.6865108462070639,1149.469551720726,0.9587425374458648,1.0,1.0,10263.62030791904,2027.3281805981615,1837.6575462651078
SYS_104,3,0.0,8502.467981803213,1.0,1.0,1.0,,5146.334486892531,
SYS_104,2,0.48148284500667565,4982.457870239118,0.9824973688614048,1.0,0.907069549909522,143.7567674232421,,
SYS_104,7,0.34643999901734823,7063.3550129892865,1.0,1.0,0.39128325233717715,,618.4741360454599,10024.955500012515
SYS_104,6,0.674770996345287,1440.0758446813406,0.9760397517104594,0.915156101311795,0.7526395171633505,,10426.874256672994,199.21938404401143
SYS_104,10,0.6633320870039943,6584.207250577544,0.9826767728104521,0.950203265498079,0.9986891438463783,10085.99091267933,9911.014995828938,5044.826735695807
SYS_104,8,0.2820735095312163,60.91882650090608,0.9743778417548727,0.8106883424619017,1.0,,,9832.078243455784
SYS_104,3,0.07910601574804549,8193.511400757547,1.0,0.990586983240174,0.9914308319903303,278.79513152982787,2284.3380940066304,
SYS_104,2,0.4460323494874586,9958.69836208442,0.6230822746021891,1.0,0.10287045007540994,10191.708693921437,0.0,5229.504573224026
SYS_104,9,0.6588834398179854,10113.469783530876,0.012880875849508316,0.6187722424694128,0.9773898342077376,,1055.6685799399506,9663.526123809292
SYS_104,1,0.9833317852174246,10215.726915993404,0.9586451950608479,1.0,1.0,9933.309561170427,10043.94084254329,
SYS_105,4,1.0,4126.306768804593,0.9976879271006152,0.5094411289351488,0.5195862229947422,1340.8141956783588,10120.623155251365,52.776467552268656
SYS_105,5,0.5609266262973198,6036.533288338145,1.0,0.941540178249295,0.39329769631538136,9924.037925693186,9960.093932260694,
SYS_105,3,0.9586748355410706,9938.67994216523,0.799306359758494,1.0,0.5990595184727491,10053.397058101074,9891.078272528197,9992.031674917189
SYS_105,10,0.06468297208493358,7046.592138484006,0.6498002430131925,0.971382233463783,0.9659765678155955,522.8536744123389,10483.916681166562,10103.263467738372
SYS_105,8,0.40203657442986807,3373.8638496621184,0.9033167366605703,1.0,0.5125950367157747,333.57334404626954,2470.5859516318815,2374.5638456643956
SYS_105,10,0.5549021995993062,3571.8834999046744,0.0,1.0,0.5543122800670311,9837.104676782003,476.0395305980627,
SYS_105,2,0.8564684539232538,9758.053813395783,1.0,1.0,0.9781946403661229,5484.814421245901,10371.481048213369,10327.367650418968
SYS_105,5,0.9809322164611813,3729.054496675366,0.03156556882146228,0.0,1.0,286.22432360611884,10186.562187099222,1247.0945355580986
SYS_105,6,0.39519240493685814,395.6774580461567,0.9981502577014199,0.9824269842579055,0.9971572972938588,10081.111259153357,10240.513680602642,0.0
SYS_105,8,0.5388682295080246,9887.928800305655,1.0,0.9916643899522896,0.04583448974066163,1214.6173491190673,10043.03368151848,9968.112306626805
SYS_106,1,0.9970729028745168,6636.643288791868,1.0,0.09734152921655666,1.0,6.684845239554514,2341.023643765353,0.0
SYS_106,5,0.35228996933141876,2063.056128191889,0.2650569257400116,0.2596324245549172,0.03844831621262714,2242.219975481311,10018.591284271055,1192.6456091348525
SYS_106,5,0.5738920328553502,7233.645065936642,0.925421338223229,0.08880635949257479,0.19850891472125887,5067.127526883613,1259.9368800873294,9765.410206713697
SYS_106,1,0.789014659837559,7181.114205372181,1.0,0.7033150664591333,1.0,866.9805597865301,175.23581562841918,9961.43012120246
SYS_106,8,0.6432824572292608,4819.57457300632,0.08706898470420786,1.0,1.0,10117.693839801612,10143.55519525782,10356.757549306805
SYS_106,8,0.9146374280105966,7057.4285287636085,0.15733122796148843,1.0,0.012244345990890103,9880.576518012043,996.2739364236603,10039.542187305391
SYS_106,5,0.9889322812547068,5812.26296142367,0.22569723192949212,0.7533877892431076,0.9774847715568035,10381.630849542124,9979.701970987973,1815.169460525963
SYS_106,6,0.9950004640548038,10068.840547861106,0.4569981895076626,0.9893953607398934,0.9658331854300559,4419.083037530776,1554.3582381071237,2595.295147181359
SYS_106,5,0.025844216609266814,9993.945392970732,1.0,0.9737568424439893,0.999209447239754,9846.495711231057,1658.9215787566102,0.0
SYS_106,3,0.7908865250072965,4449.65196882809,0.9858597636934254,0.9938921766077073,0.6761077445231025,10075.04484741469,10212.372734257982,9987.05905552601
SYS_107,5,0.7630226591948673,10142.488208320587,0.7137391794135131,0.9841673894260611,0.5324929559276452,9797.2314391482,158.20742657258322,10362.25828771285
SYS_107,10,0.7267753946676487,7251.945184663247,1.0,0.004790140117463867,0.7483640649450457,10056.516453691487,159.1802573943833,1175.7808125499382
SYS_107,8,0.6877351073081042,485.77663959869716,1.0,0.605701599387321,0.9160180132881892,9950.517168894095,160.68942608496678,4664.874362323048
SYS_107,6,0.9895994607575309,5020.201712296482,1.0,1.0,0.30239023674677984,1242.0469927253353,10239.416037178999,566.3746239356271
SYS_107,1,0.5963886112242908,416.1734235510734,0.5021998031866454,0.9890813289229614,1.0,2525.9577157997232,10017.278818962148,10202.56008704206
SYS_107,6,0.0,241.52295302088226,1.0,0.5872451496482419,1.0,3860.510798807687,9819.29073939222,10374.780650592376
SYS_107,3,0.35218527516149817,5115.069460228021,0.9978367252823744,1.0,0.9484817120321268,10020.03718710099,10039.053649723928,10098.543668734872
SYS_107,5,0.9613367663342873,5685.985548236881,0.836996846666074,0.008313435323335313,0.9719520468626911,0.0,191.3756026169221,9717.280619441486
SYS_107,9,0.6791885911385798,10142.414598164964,0.6353387953716254,0.5333878724196491,0.17465950415186934,3807.3753741759056,1947.6414611248433,9995.11365213369
SYS_107,7,0.8200893032605682,1697.6090196491427,1.0,0.9602050866918996,0.9483292515137933,153.3002260554051,9778.616662230308,1420.9220696420866
SYS_108,9,0.7984659243207147,4351.239310702765,1.0,0.9905096218009865,,9860.013731254203,,
SYS_108,10,0.9195939591416886,,0.8299991116646649,0.1432406882594679,,,,
SYS_108,2,0.17565875347324922,3518.534792901449,1.0,0.07280565195651609,,,430.85248074297874,
SYS_108,1,0.15387073489674066,7487.298568504251,0.39067715857216334,0.10659374716622841,,4260.011845657304,5175.886193213899,
SYS_108,6,1.0,6984.0430509123635,1.0,0.7768193094283118,,397.89334587732566,758.9768138321976,
SYS_108,8,0.6754347394017525,3339.13607698483,0.9866440824864021,0.46176890376203683,,954.0941696315092,10146.262758122772,
SYS_108,10,1.0,1299.8453882854008,0.2491053374065283,0.9951479353585069,,9908.567685029948,1276.0266600293417,
SYS_108,7,0.41521018595668124,9985.860512419908,1.0,0.9815444397175758,,189.58973304667077,10448.148468562504,
SYS_108,7,0.9044986062646443,9764.305965974303,0.9847728439219747,0.9908378975677751,,1796.7819177877172,10231.784827084315,
SYS_108,10,0.6517260159802255,,0.49288790657617243,0.291138855278885,,,,
SYS_109,3,0.5242393009010247,2264.7452102461557,0.9863048527885957,0.988576477469838,0.8153101261570422,447.03494033426136,,
SYS_109,5,1.0,0.0,0.9941343658630721,0.9823166182333914,1.0,9866.619953154372,9559.434045160366,3244.978881687801
SYS_109,9,0.7826661868189125,1778.811120739732,0.9176956448330539,0.7237327019641215,0.0027363938346387866,,9773.641230798175,
SYS_109,1,0.0008956518740589226,9759.59641555823,0.0,1.0,0.23452659217777794,626.8709134685943,,5025.884205163642
SYS_109,10,0.9950608420942655,2467.368754276263,0.5931805584572641,1.0,0.9991767518674337,10488.08658448771,1618.6693476381759,5047.889297835992
SYS_109,3,0.6784159879740703,1419.05819988096,1.0,0.7567915249660259,0.0,,10184.133470177223,9660.127448242187
SYS_109,1,0.9894685626085679,3985.638259516655,0.39588813354479385,1.0,1.0,361.9811979280021,607.2243827435883,
SYS_109,5,0.2458727073872204,8248.254643473367,0.0,0.006675060056189993,0.48103496651797906,1845.7537181115315,9973.83053355762,352.26514000543216
SYS_109,4,0.0,1727.166115693853,1.0,0.0,0.9863021963806423,,2386.599506451695,
SYS_109,7,0.08619145247223538,3813.5666064290103,1.0,0.2180142833822067,0.9287141210830453,,9377.334351963964,1877.707573089751
SYS_110,1,0.9967766771859036,9864.340121902382,1.0,0.9961499809855232,1.0,9875.537225212845,10164.065762715705,0.0
SYS_110,7,0.6733272204597465,4989.996225364816,0.13857302378745856,0.02253683716256781,0.414170646193475,10367.164939152826,10190.47088722692,0.0
SYS_110,4,1.0,7190.87632676556,1.0,1.0,1.0,10049.828803607114,9813.987106705332,9786.802281524815
SYS_110,9,0.6710569354970821,618.0765621054488,1.0,0.2979735936492429,0.9781296858953477,10216.254036612045,1106.6182497292202,10164.531640029138
SYS_110,7,0.779449536170599,4221.416999111498,1.0,0.9850410456771399,0.0,1653.6820681883187,9810.550713233326,4514.860927075228
SYS_110,6,0.0,9961.60871179024,1.0,1.0,1.0,9924.740806239091,0.0,10088.240824612492
SYS_110,5,0.7157161429581365,6456.21483615258,0.0,1.0,0.5441779620450288,2147.7453602677715,4113.334796921248,9960.03505282044
SYS_110,3,1.0,3525.653913336572,0.9578529050185299,0.8819703620953598,0.9810960316336907,1153.817995928324,228.2461613542405,2003.6477811671557
SYS_110,9,1.0,4456.1024129873995,0.2548582148035845,0.9782022598567799,0.8064884073590042,9612.3361507285,884.6069083548293,2591.5360817300166
SYS_110,9,0.7408345591172645,2402.5197386193245,0.5166725494753828,0.3750884073387391,1.0,9972.786537371958,409.73333042308593,
SYS_111,8,0.7962479739001946,4318.996075144932,0.7405443191263562,0.856999223444756,0.7402621197039567,657.632806896158,1342.5344131236689,10059.875225175958
SYS_111,9,0.6137804708719149,3061.847303089364,0.34449658663569255,0.9617313592225212,0.9649039557758785,10060.822956445805,10057.126922266334,1287.8288542186697
SYS_111,1,0.7917815053813242,9853.626266543046,0.5718160219578869,0.02679481928000017,0.9517262044846246,10102.928578969846,4721.679751574631,10071.911717320943
SYS_111,1,0.9727037121205865,5019.969496488085,0.9866881368693484,0.9959759916073241,0.017444013063800872,644.421684527025,419.49967876459664,94.57835759513043
SYS_111,5,1.0,394.32423377903524,0.989585876690064,0.0036583643382919312,0.9644931643967604,1429.0297185079598,7333.541260181075,388.9027388354702
SYS_111,10,0.6767803778423098,6356.590640404528,0.9961602262400304,0.5589174622365013,0.255449510365083,9978.87748406882,1774.4665509341148,540.1888288850885
SYS_111,4,0.4617899422555222,3042.2988841562174,0.8831808610425044,0.7248210531146867,0.6736592831466042,9955.394148694628,407.2016742198264,10413.433089400394
SYS_111,1,0.06252397031485213,3611.232106901579,0.990662989543731,0.031311032068061614,0.9983693918511801,9851.077269495463,603.1888984711799,9902.667154044437
SYS_111,5,0.11786602561715627,10172.91291787004,0.9904567943072158,1.0,0.4776338392921966,2568.07785877229,1559.3078170252986,5210.546742658078
SYS_111,1,0.6584872439456585,6677.250225310065,1.0,0.19551085753644226,1.0,713.014556922934,914.1696902530988,1106.0345618083716
SYS_112,4,0.6644647532910661,10068.59234549413,0.9751865443854135,0.9039831666189144,0.007746082278754202,10053.615572675872,9840.387360653662,1663.1245084764546
SYS_112,1,0.04546771556820502,9871.350046684618,1.0,0.31590970430947485,0.005989741607866611,4339.621731956677,2167.384176673941,434.67607081324206
SYS_112,2,0.7770956801024648,6482.132946593612,0.5953613694852444,1.0,0.17634536172712037,10103.8775094696,1132.1561110515554,9925.796015584921
SYS_112,9,1.0,9895.413990426194,0.9782014523360725,0.0,0.7864463085991781,10263.201402750248,10159.2901078279,1825.2675398872825
SYS_112,7,0.9837377860263845,4695.765900281239,0.692843613438112,0.0,0.9858221602051506,,9940.133695582183,
SYS_112,5,0.7881562379674645,3991.802037034117,0.9577553523372362,0.989269366881555,0.9948587854177302,139.83881822422086,382.14117686293923,9905.629819509528
SYS_112,1,0.84330748325226,996.9776864678814,0.0,0.5137565027807521,0.1876619213923388,9922.571066591114,10365.400076976288,2213.241842850982
SYS_112,3,0.674265531496669,4187.697549349789,0.027773814265220464,1.0,0.7260574410349344,9767.790755583706,869.3202524342043,657.6414495611283
SYS_112,3,0.9922834675861808,10109.476970280104,0.08092552367944095,0.004204962154231126,0.971971555027871,5032.923278300582,1120.6420181633507,9991.206240616475
SYS_112,7,0.8029226353447501,870.5326505083995,0.9499560484864674,0.5255869748542896,0.7998326972848576,,9699.57506717038,243.66243338443928
SYS_113,9,0.3402784482474469,9731.483480628911,1.0,0.05217282959421779,0.4724734553383518,190.33226417090452,552.7554488775925,1959.724462179556
SYS_113,5,0.18483348284536094,44.456415580145475,0.6973042257396125,0.19237899407538553,0.9825019971530496,163.0700384121248,,2448.4316337364166
SYS_113,9,0.38151183721689,7810.737093136426,0.9656427602115294,0.6435504982802661,0.49034860959054305,2449.1491282865422,10103.421351154695,9863.664863597927
SYS_113,1,1.0,3496.0392016476635,0.9835457770063496,0.5508010225244352,0.21383441070060535,9952.299666631203,,2467.595713361984
SYS_113,7,0.498466428506201,9922.680150156622,0.980723728876752,0.9659684178631848,0.46121224567382785,4089.749252111458,,650.3826081708498
SYS_113,4,0.4607335479387037,8381.142063984598,0.9815601119986075,0.002862159705501459,1.0,0.0,10092.434361185078,10310.549111752549
SYS_113,9,0.8167791625700966,9718.922502294767,0.9986862228054592,1.0,1.0,1711.7849418596375,,590.2226669096463
SYS_113,6,0.4135475303496281,566.2362470149034,0.0774597794112728,0.9949707183723857,0.24409471811171657,9926.059833700052,10023.069134917332,6156.13116959878
SYS_113,9,0.6419776326052282,608.1126778068406,0.001897186478827687,0.0,0.8887941214643262,791.160449476397,9824.167046286073,
SYS_113,9,0.6196460363133054,3607.910215507481,0.04010292011607116,0.8286259768346154,0.05768026714947616,10119.413537636918,,9936.624585376832
SYS_114,5,0.6558188717470463,4129.098163169841,0.7879294594795077,0.9792045838377939,1.0,710.9492517280199,,0.0
SYS_114,3,0.2999616542899426,9966.171578445934,1.0,0.01417566810540051,0.3282002012225634,77.68733596882232,9909.199559326686,8683.804520100928
SYS_114,4,0.5228737381194466,10095.275871927912,0.009599065700156763,1.0,0.18702153443670777,9898.263582076605,10148.897759701511,729.6042718693644
SYS_114,5,1.0,9879.944905514805,0.028616104494956135,0.8593795463778559,1.0,3138.7637518250017,9901.669227938093,9740.358796689632
SYS_114,3,0.8248663993800788,1909.5227167575692,0.4678147940583846,0.0036608897804607504,0.9875007891520861,1951.7284148035465,173.69961323069893,1731.4960317671926
SYS_114,9,0.5615712909694347,3115.3075535291528,0.9945039770370413,0.9962859692879978,0.9582219010735834,122.94511860670171,501.8253587749071,10014.472883577002
SYS_114,5,0.3654519025085575,6014.0064040042635,0.8397159523068816,1.0,0.9855304435152628,9992.45619934731,1249.7977721261539,1835.7778405085107
SYS_114,7,0.3914319684187525,7809.300983890468,0.4174973758546503,0.3036753757320633,0.0,2856.8908045736375,1764.5021136294524,9945.809476893231
SYS_114,2,0.9787332093941788,6131.789562587547,0.8735535755774649,0.680243199956292,0.8669559193407558,302.0361952181187,696.5113713101117,10197.167212731343
SYS_114,5,0.9004627081393076,3655.6139533490255,0.8339448853935811,1.0,0.9915001182561751,998.0378291462752,10072.644595274,212.70443721473737
SYS_115,10,0.8684701010687563,4831.355163869497,0.0,0.4370467084649564,0.9837447167868787,1375.9909544392792,3355.27367918477,10252.669783160083
SYS_115,5,0.5075833451464754,0.0,0.2965743836997961,0.0,0.4186639194168059,653.5913882901916,1861.0946377639316,10477.850944395183
SYS_115,1,1.0,2428.725034232397,1.0,0.0,0.6426536311318244,0.0,0.0,10574.718411783317
SYS_115,5,0.9523277634706394,0.0,0.8654422330899398,0.7560126910593672,0.9858358434907193,9750.206191329175,9664.446062355706,1274.8647958987467
SYS_115,1,0.35960586225149777,10.283402792553574,0.024237521814328786,0.9182408058341534,1.0,5193.82079453229,4147.394053045556,9898.897598558913
SYS_115,4,0.7734708506595531,4128.9317650303365,0.026478090257389477,0.0,0.9763544899738349,10329.946136764855,659.6041935620002,5503.5952028720685
SYS_115,10,0.5285333907089709,240.24881750033202,0.8267422749759454,0.5668533994061495,0.9708670418053009,9760.611890195085,1471.0526959079427,1137.8948590760065
SYS_115,7,0.3520484180195545,10024.423276927986,0.6473326748782728,0.9800724940820047,0.8164483230043693,10039.30858004236,10258.94067395289,2510.2827355757545
SYS_115,6,0.6271464285258477,1313.893675389521,0.4277793358186488,0.9868122701731532,0.9979699883748677,9901.588013783217,9671.025827453985,374.9486127335914
SYS_115,1,1.0,720.0255652841709,1.0,1.0,0.9957784217842168,10193.675262320545,2261.9014168489034,853.8905927466894
SYS_116,6,0.0,5186.879602300609,0.9947326247441207,0.2756352351197138,0.3635970078768892,4034.075537281682,5081.033885669594,
SYS_116,7,1.0,304.4323354590481,0.9196285450205716,0.4662515031937747,1.0,2819.5275217461394,5777.987922012814,10049.935782626711
SYS_116,2,0.1119452428109661,1944.9878524572487,1.0,0.9798778018811166,0.9991134842676622,9933.91259052504,9710.99469263963,234.42227164403155
SYS_116,10,0.9211399303787287,7003.240380964996,1.0,0.9850129096966705,0.9393833487152301,10337.041745882143,10262.882319544819,
SYS_116,9,0.6558727417963727,220.89998135960363,0.9714082890760145,0.3602393402569762,0.3524137373924558,10358.382562203922,10339.051971863333,84.42107462649471
SYS_116,3,0.6948798235104928,4617.0309160822635,0.04278781938082657,0.9967900407977229,0.09673701869250512,341.98791106341065,3353.503139900796,
SYS_116,2,0.34549877995241884,1100.153052112947,0.019693005770099362,1.0,0.8984669771731031,10008.130286221894,9668.451076543473,
SYS_116,6,1.0,335.038605294484,1.0,0.7643888874592027,0.7810975539670504,1950.7925729990802,1360.8065505388208,2185.3619404942506
SYS_116,6,0.9930285000244164,447.565160672458,0.6915329552791356,1.0,0.8759403832347565,10002.237350104098,10074.77460075355,
SYS_116,6,0.36023263779065207,6432.592750181304,0.8628914485206781,0.981835944074601,0.7465327874876653,258.46888551532277,0.0,
SYS_117,1,0.4564805603299549,391.80355976568063,1.0,0.9728675762075443,0.007722736153806041,,10295.994945301594,508.9794106734624
SYS_117,2,0.2607362000504668,281.74455801906475,0.30025161738141587,0.6735097588964848,0.9992491063394628,9808.679940689799,546.7500423385585,9845.667350108455
SYS_117,9,0.9932804599275522,551.5275624039339,0.9779793638976932,0.36544191093163536,0.007554599013999898,782.7052691019198,10462.376235161606,10354.527985918608
SYS_117,1,0.9002655054826969,1070.6135679028948,1.0,0.458488717344639,0.032816788984997146,0.0,10172.053933078763,574.0483839333078
SYS_117,5,0.754470188448024,1461.399503016199,0.9686526302309006,0.893342881118498,0.9873606863914938,9621.542651690816,10060.655890744476,9765.140184423666
SYS_117,9,0.6460114941764422,6505.525936511055,1.0,1.0,1.0,395.584458091698,438.88818420155985,1262.907354513324
SYS_117,10,0.6547215164956759,3609.58781382185,0.4996295606818982,1.0,0.04794001202785354,1116.3717707340495,594.3415175231069,774.3003813502299
SYS_117,1,0.8357640475628225,5117.634086556445,0.39540372925588985,0.9750351734013284,0.02687198297574901,9860.951568561883,10197.52526540454,3351.3529024442655
SYS_117,6,0.981860260990464,121.37419451490202,1.0,0.2902075910184003,0.9938435438267187,273.7072517336006,135.91939363546533,
SYS_117,8,0.8524828567171864,7804.365450224992,0.986393923295215,0.9837340721243151,0.8146919253337094,9652.792933172099,2315.0129209359147,379.18852777480276
SYS_118,9,0.9685343000377049,10179.056763457836,1.0,0.4579716124403924,0.5913727457002965,986.5018752529362,9753.468603256355,1168.2592544204454
SYS_118,1,1.0,7513.465909100313,1.0,1.0,0.007378246464806533,1147.3186186714045,0.0,365.4832430913199
SYS_118,6,0.9937823604764533,330.6322451248866,0.9801586230236994,0.5129581044500057,0.935049952700902,8289.238356405325,1299.7083305724773,9896.576631471093
SYS_118,8,0.4867294711811453,730.309332368652,0.2996699238906381,0.9815535764403587,1.0,10018.097513157873,9914.827455282913,9750.905960036951
SYS_118,8,0.5083545472865716,0.0,0.095928287457215,0.6323554628653425,1.0,9983.109096394182,84.09064519867216,650.0208189280702
SYS_118,6,0.8779492888103744,2665.695537127468,0.9951004776291641,0.9944529598036239,0.20286056255433055,1299.9832095860233,10226.044048163654,2696.410671736258
SYS_118,1,0.6823374971523594,3920.1798755917866,1.0,1.0,0.9129909630892343,9976.166895186048,1057.599450705549,9927.86346344151
SYS_118,2,0.6779150254511995,6323.560303808743,0.4158592326857169,0.8353398931452963,0.14358983592682092,312.21107792316633,10416.361727492915,392.93227492932283
SYS_118,7,0.19425544380126034,4883.943618386672,0.08712186197318217,1.0,0.0796538056631215,7573.119483808672,9874.087712243909,1442.8737668796052
SYS_118,6,0.17307729114015213,5085.512272418383,0.9941941924994938,0.021806772013117547,0.9841232287202504,2959.469215333454,9786.6782095687,10055.25769175418
SYS_119,5,0.9296363917580158,1836.240502256515,0.04257439267962599,0.9961899645096912,0.5095943296578942,,,2579.8796375339844
SYS_119,5,1.0,655.9108333505442,1.0,0.5241650963862098,0.9901698941504901,562.7441597699117,0.0,
SYS_119,9,0.7148403756219854,6905.693677167076,1.0,1.0,0.9717908621987263,10052.631484356436,10158.791250921211,1358.7572500204897
SYS_119,8,0.866266727459763,808.2344128110802,0.3737967219428077,1.0,1.0,,2062.9860167981683,2829.8456115797962
SYS_119,2,0.5238408032699216,6561.884978150575,0.9339235089432822,0.9577743789948268,0.2659874369077386,9885.233459152234,9869.409102743102,9921.76360039627
SYS_119,2,0.991603129729153,150.71055320478882,0.3656901586262798,0.1708256268714488,1.0,9936.034339502896,9766.238814277956,9922.94163690642
SYS_119,3,0.786864747796031,9964.882072976834,0.04086868738883779,0.01082948724585484,0.07064091000652403,333.07450272243415,10336.207706606612,10200.23215770408
SYS_119,5,1.0,9875.923239222366,0.0,0.6337382029430387,0.990153135547742,2556.200945818032,2804.674333860611,9980.61486362153
SYS_119,9,0.11584639790079537,310.31283969472827,1.0,1.0,1.0,20.790722914961464,404.80649047941995,10298.857654599964
SYS_119,10,0.6242678203187023,816.7415724319549,0.34604608466177156,1.0,0.9540251470862028,9210.641239182332,9874.553148704917,9974.43536967872
SYS_120,8,0.6761483409918569,1142.3410197875576,0.0,1.0,0.9674330995448088,4772.359767948699,3702.243412263412,9919.305179439978
SYS_120,10,0.22963170545537248,263.7385928705453,1.0,1.0,0.8027081432029751,316.02126927482936,,10280.952872243766
SYS_120,10,0.4810849138862718,7043.395978079399,0.0,0.9692463312280083,0.9903183565075445,10123.340054456841,473.7467965079079,618.0713084024688
SYS_120,2,1.0,9960.02928456961,0.007901891508728363,0.9846360917088874,0.016570169192898884,10175.716509339501,4494.635358625894,423.6308053117206
SYS_120,2,0.8450167485960057,4912.868832528832,0.4199882686077967,0.9875114488120964,0.9714136986589939,381.78546541752576,425.1310813688832,10007.378623858505
SYS_120,1,0.6186946824310394,9542.199765840065,0.9841658511178873,0.5419457730668729,1.0,9972.11387756809,10306.72806100356,1645.790061869533
SYS_120,5,0.7814156001365007,6088.496703866563,0.008827592675564159,0.9923740534645414,0.10158950378115673,9944.872458144213,10063.516711690845,10067.294076180517
SYS_120,3,0.9483355692197756,8616.150532832771,1.0,0.6927965736132182,0.5960178509616089,10248.052588445049,10809.061826691646,10274.710839778969
SYS_120,6,0.01393590079353899,10177.46826923238,0.39693508285643275,0.10113143599822842,0.9332307626963119,1492.705025863751,150.9263664938955,0.0
SYS_120,1,0.5973853838625462,10228.980676095682,1.0,0.0,0.0,2286.2670954930504,2032.1252772104785,1012.3728668410222
SYS_121,10,0.039983839131821367,98.64676383503398,0.9674675935498473,0.0,,,10218.442958529546,
SYS_121,9,0.6677132640272956,9913.214694941184,0.974372801190014,1.0,,0.0,9993.024143895673,
SYS_121,9,0.37860278513905077,8008.26082713403,1.0,0.8827642560226777,,551.8169425897497,10174.139402541494,
SYS_121,6,0.9400190611624795,10079.792061782524,0.24034327879555287,1.0,,622.4160045873723,9758.681397095452,
SYS_121,8,1.0,777.692924292221,0.990445474172871,1.0,,456.0445834996071,103.3217494072715,
SYS_121,3,0.6034519607765477,7178.374501576483,1.0,0.997326784284494,,6146.17780062776,10100.474449841557,
SYS_121,9,0.7339953068357165,5866.771689556902,0.677030685668636,0.9770269951772196,,366.3536385338888,565.999133949556,
SYS_121,9,0.14592025277170637,7798.6532815173905,0.8484049516935898,0.9915054849720251,,9833.891632909632,350.93389846957325,
SYS_121,1,0.9939452512021267,6819.686034623452,0.018950491625795752,0.22700790272083798,,9777.315411721562,377.2309777241044,
SYS_121,10,0.515525542702135,7860.655837317163,1.0,0.7005100815049644,,1047.1042290528433,1086.7441353007162,
SYS_122,3,0.9980246570380396,213.19672281967468,1.0,0.3263090435453594,0.9065630866907227,9771.731164348832,,10052.25725307031
SYS_122,4,1.0,10089.303929597452,0.9819611015048204,0.8417813453830573,0.8065858857210334,0.0,10317.570617831478,10194.042583514834
SYS_122,9,0.7813577579862283,4867.138728843783,0.18637389844150615,1.0,0.9201797625523787,10081.669096818796,9728.099252148655,2128.5262922947213
SYS_122,7,0.9467226382008594,527.6440406661932,0.9819140383157916,0.7626041481620928,1.0,142.84560007118006,0.0,285.833208282608
SYS_122,4,0.9898672113174068,4770.683527217588,0.3699760362342667,1.0,0.7894743220287402,3445.8032082790573,10261.430339244318,10015.820558449317
SYS_122,10,0.6507129233638287,9943.993276357673,1.0,1.0,0.9966151025524187,116.66166487104715,850.9491971153195,650.4489979150586
SYS_122,1,1.0,3648.313575699336,0.9385616862661055,1.0,0.7097931602505485,91.72839168944134,269.68334217712874,10245.469838941819
SYS_122,9,0.9993838165624902,10284.65047273665,0.07042850145646595,0.1786179564821106,0.9922753683050431,595.2456929684882,88.61189302516252,10275.579391796979
SYS_122,1,0.7573715565591814,6733.936085641621,1.0,0.9869876530458684,0.17985908455660762,10149.321019450936,9908.202875309142,10023.025378128961
SYS_122,10,0.19470075776561022,322.2191535457356,1.0,0.9593941271122741,0.8024921960860572,9874.493193623079,1021.3679411800663,10338.62959448066
SYS_123,10,1.0,350.7205692459966,0.761055652857648,0.9883175405377093,0.9487302033095899,,10203.91772515396,9855.506937065365
SYS_123,1,0.32567280477988936,10052.044719930629,0.9988461718507775,0.9393929254367839,0.33946614814091935,619.329785710011,10061.45462403081,0.0
SYS_123,2,0.7251635789689593,3552.375201890749,1.0,0.6305446287132535,1.0,203.52193102327334,9527.050696563934,9938.964626631468
SYS_123,1,1.0,4336.319482077892,0.3737591830218358,0.0,0.20570958712906282,9332.250760088593,7896.48494373829,10262.917205092834
SYS_123,6,0.5128636166642058,0.0,0.988027847075776,0.9336741115287154,0.9889077907503534,10281.568309057264,9764.727861175494,9761.187108599295
SYS_123,5,0.03484009468724749,7757.007418286922,0.0,0.09933889455840264,0.017260796539002293,10034.510888684526,2171.3615147633586,0.0
SYS_123,10,0.6978377969804089,3439.348761003744,0.977281840649746,1.0,0.9472393626995833,0.0,10001.61132368865,9621.729871613321
SYS_123,5,0.4155518140011579,4797.9267423719375,1.0,0.9699968082595231,0.5978470138106431,9768.807150837742,579.3392919983735,2145.80429211822
SYS_123,3,0.7171164315921108,10237.305038133598,0.03860282148821865,0.9907288773810826,0.9249708803867603,9861.20627889109,69.3617235293751,151.73044770862418
SYS_123,4,0.9805635084363276,9929.601012339474,1.0,0.23706687448891386,0.988107479776139,9657.556366257888,1997.4114299576163,10120.709495488765
SYS_124,4,0.8298304057363145,5374.234757129255,1.0,1.0,0.9914641617490878,4648.47722169484,10322.886504789882,1651.2004034911065
SYS_124,10,0.6600808046815023,1164.1412079271354,0.00954058086096244,0.8129711665712885,1.0,9823.980897983867,10159.446222909022,600.5767212395915
SYS_124,4,0.4769418471648949,9801.71038342795,1.0,0.7043749736984619,1.0,10087.6255381765,177.6287861476366,265.4214770614268
SYS_124,2,0.9979905346787633,9968.217840810432,0.6891169037995364,1.0,0.0,355.5458497593161,6927.01129131094,10045.354987005394
SYS_124,3,0.7391177001982315,6729.836444549008,0.5686360947962547,0.5072065445342556,0.0,10211.78886131166,10378.595763726167,9834.191291513627
SYS_124,1,0.8423745346401419,9914.490892368924,0.5658396263708909,0.8022434859926469,0.3450238879518809,385.93029879505144,9804.082517791401,3262.2400142198353
SYS_124,2,0.5845139539585704,9944.337828940166,0.997590656990596,0.9943462414129031,1.0,1463.367276473766,9694.394078702479,5083.252980094699
SYS_124,5,0.6818725482909067,7268.626768141058,0.27444058298307966,0.9849169389457618,0.5109700949274198,10303.896057811226,220.09380735825286,5124.699350795428
SYS_124,2,0.7653103009651349,5536.812432926888,1.0,0.9745653773547539,1.0,10056.612063809831,0.0,5195.419154807324
SYS_124,6,0.7438109595369706,6704.900746605301,0.8189563349449883,0.6369450680838669,0.9987649660623322,3749.834962634815,7722.259696902066,10036.21708038709
SYS_125,9,0.5400582873620767,6778.665359736518,0.9783815892804629,0.030750138454398494,0.5710324246889827,620.2773504999889,80.89815468990926,436.6277978183281
SYS_125,1,0.6503871854199347,2760.161551883054,0.08207566861018592,1.0,0.3424935451171779,2683.4694512250576,179.71295516222074,882.3945472035988
SYS_125,1,0.859822221692974,8076.88987707881,0.9979263462789372,0.15753053927633526,0.8063560537694493,10281.086830771212,10088.34980100513,10144.272559898052
SYS_125,10,0.9983224258885948,153.01074990804972,0.9936060722096386,0.18256263004608006,0.457387554576084,10132.805526631015,1805.8364585818429,9960.082490740595
SYS_125,8,0.5915088668467786,7885.46662532467,0.42545993244457636,0.14860276749109586,0.9969431494849643,10150.582981956608,292.97574599048147,230.5479356353796
SYS_125,7,0.9762660254247949,6931.555171010988,0.8728650970492196,0.9833097872463553,1.0,1525.4906071636676,1649.9407328162026,10544.191093413752
SYS_125,6,0.6614014736320102,7433.540866392995,0.9071657691018739,1.0,0.9661038860903258,10356.03464974657,1042.179286487815,0.0
SYS_125,1,0.9793951191692225,3929.6588652022633,1.0,0.0,0.9744532764250545,3219.8778245394465,10245.594665487439,9528.53896688234
SYS_125,1,0.3682119027387466,440.73797038622934,1.0,1.0,0.048090797692421465,9824.201430484227,9537.959874766833,10229.979879389006
SYS_125,8,0.6970929216406835,10139.886745289428,0.008755959036113254,0.9732207893299252,1.0,1287.082672983642,276.4842702673724,219.96961799048196
SYS_126,5,0.9216054331223209,6895.298325563271,0.19263673182310811,0.3683166430200825,1.0,2836.9739512957112,9842.494511215658,88.66428840188783
SYS_126,6,0.7424717247678511,4243.389666820236,1.0,0.06600174728369308,0.6088899704781426,4526.409745484466,10007.941701174865,403.40044137004475
SYS_126,2,0.9091738431832505,5315.776573119228,0.8971784553724645,1.0,0.994577731996823,815.3210797506224,10207.227072135434,328.7988775799663
SYS_126,9,0.04921660697997141,6777.933134564361,0.132393744511749,0.0,1.0,1404.646736201219,1793.7788918504023,10197.761923691098
SYS_126,2,0.678609156825647,9247.741913328982,0.0,0.044336119754741055,0.5714473015744572,10206.316647760046,97.31485946120145,876.4221118878553
SYS_126,5,0.01861576114365992,9653.395594376783,0.415094997007819,0.22308876152834936,0.021256791439908364,1495.9487498276508,1667.8079118585504,8073.893020084289
SYS_126,8,0.8377303060450868,2726.414244937387,0.8875894848270022,0.5978589446384744,0.7155402275809997,9762.899419269901,1982.3134538185475,271.29470350735505
SYS_126,6,0.9921319894723533,5207.069370785359,0.5614247558770528,0.23914799119863778,0.9924346517462355,9633.271584838902,0.0,1055.9366246200398
SYS_126,9,0.5047752215814424,9797.500673346885,0.3848028605793055,0.0,0.5208261010201148,283.1098519872841,4016.3512850570396,10119.587011153144
SYS_126,10,1.0,10179.238572511695,0.035019515836665426,1.0,0.9785726914671647,10159.613916885986,982.2649024229512,657.1821721075023
SYS_127,5,0.4512116888666754,6750.325139796459,1.0,0.7507329972019886,0.5505721776275593,10332.987024000224,403.8878842602559,10323.360698437844
SYS_127,9,0.7474777647808938,770.6743527778227,1.0,0.2143974564753736,0.9989694810263884,0.0,961.5569457454596,9648.20814588152
SYS_127,3,0.36186250905921713,5400.343503432303,0.2681256686691076,1.0,0.99213214836431,1113.704095654871,604.8314885021802,776.8128276019331
SYS_127,10,1.0,9817.282792034986,0.9800986381951432,0.9618327234200438,0.12958850243530948,677.1226156869799,370.2854583780067,9842.497113845786
SYS_127,2,0.9840653860938846,5125.965918753733,0.14006789372248626,1.0,0.5262036317395445,4591.179253269975,3084.2072757513774,186.64394034018093
SYS_127,7,0.6818424886729518,164.31426091468498,0.9865751909452609,0.9520610090205117,0.9827084704581331,10194.228591991117,1846.7912977016879,9893.80739054152
SYS_127,1,1.0,9906.16421046115,0.9508748417784839,0.9177004763174854,0.9949537183208962,10081.734022598534,1040.6953018517888,589.912320430441
SYS_127,3,0.5918218513910911,7527.340524017356,0.0,0.9998821416817396,0.016539059545014587,9731.443151316525,9532.994214019238,9636.664660047743
SYS_127,9,0.9798247802025986,4451.352486679524,0.7417347411003131,0.8240032541948153,0.9806192360358518,4370.206460562566,10273.262566893767,105.4778810939487
SYS_127,10,0.7763200273603582,5046.383167564153,0.13107075464648055,0.9749554935096785,0.23496276706260577,10008.517550984587,0.0,51.767884863776885
SYS_128,8,0.8403619624288049,4169.872117656988,0.6357772483409057,0.7503786909287758,0.9989504842586537,9978.213859975258,9981.043030752486,4928.912164523819
SYS_128,6,0.08729041499093358,1374.6743573366166,0.6396439268206249,0.0923477909817916,0.9855936629106916,1577.9515400014452,,297.57838218293114
SYS_128,3,0.4605824130532458,5411.067492290809,0.8705283880986425,0.11833961377996904,0.9944452214142881,92.14784938743817,9982.937234511517,617.8236716012758
SYS_128,3,0.4352368824322454,4653.523519057214,1.0,1.0,0.0,9835.928053812297,9991.248625438213,9941.333488727545
SYS_128,5,0.9495258781072233,6696.430680246977,0.30650577627989034,1.0,0.9880760949791605,999.9437824236795,2788.054420372159,3160.774347071315
SYS_128,7,0.008280747742188453,7142.427702899568,0.9976766667095214,0.99339210757692,0.9741580602214167,314.64090854259604,760.001253503099,10223.814420594674
SYS_128,8,1.0,4847.445561944134,0.9330084212223968,1.0,1.0,9805.634206556057,3287.2509147470737,10537.512494414219
SYS_128,3,0.25035849497411916,6778.6467037103785,0.992059494659151,0.9809507362889498,0.998258453597697,4494.456262409796,9550.82595938841,9908.768246164207
SYS_128,8,0.9681689191424976,6707.146367669559,1.0,1.0,0.10217240642865577,9991.43236932914,9714.212251325178,532.23204019021
SYS_128,9,0.8849379584131674,7349.502471741512,1.0,1.0,0.6459758037872348,,10196.825143412934,947.7548236720859
SYS_129,4,0.9870119769060922,81.29130758718583,0.9727929546963459,0.9931449570962883,0.9784613971982434,2504.847553373984,1795.94522513833,3194.007892178349
SYS_129,3,0.7179698606728364,3760.806131836812,1.0,0.8054289199570381,0.43084222931435723,9813.241516602411,8955.634624741588,9871.611045717063
SYS_129,1,0.9920065542007072,5068.677708104856,0.9759485424035188,1.0,0.0,10214.435306564128,851.7960463359634,10178.590081318585
SYS_129,1,1.0,3436.4160725331135,0.9953400457899978,1.0,1.0,1524.5784363880373,562.7784614896873,7297.752334830224
SYS_129,10,1.0,5414.476834174125,0.9181001149038363,0.03607646675806034,1.0,9964.505056541862,0.0,4943.54545802743
SYS_129,5,0.43901004864154947,9828.614118850051,0.32812666351462877,0.7221857645621798,0.9683096141704034,5355.239105241976,9969.826731034222,0.0
SYS_129,7,0.4513397304588126,3720.078741810563,0.991326511786765,1.0,0.7415529180140685,500.83620918653037,0.0,10117.344116344393
SYS_129,4,0.6437069773931353,135.13018125135687,1.0,0.9592447009470855,1.0,532.0538568049864,9964.407535792134,0.0
SYS_129,2,0.9986831508636513,4176.702761297691,0.0247559032575245,0.12558592692487458,0.7752350591691782,1863.587993269523,9773.619071436628,10201.950942015357
SYS_129,1,0.022900397448721035,9778.253515294818,0.9925922441151026,0.16999633350906215,0.9994070338207139,1581.2764914431552,,2256.8199680092657
SYS_130,2,0.055916864936304496,9836.886902868862,0.9806226991242676,0.4647027210041453,0.9977732208683064,3300.8987677762066,,9973.259972551967
SYS_130,4,0.04593681414618739,4290.933042908416,0.07018160395267359,0.2502053034130988,1.0,1924.0473365934708,10166.054619733406,9594.183482778908
SYS_130,9,1.0,10047.219661855463,1.0,1.0,0.03480361087028558,16.964483725516494,1525.171752506083,9892.156100065095
SYS_130,8,0.9646446540960505,10135.381376978597,0.4036110719195586,0.09671613972587022,1.0,10044.74271760286,3189.6423001832322,543.9964030017106
SYS_130,2,0.7820279894752137,9944.113869439212,0.6452894396009122,0.9012657687771342,0.122865537801949,433.49133340528186,10239.54302746182,163.7518281111111
SYS_130,8,0.9251104359166323,6768.212630855043,0.997840669387755,0.9633249471962588,0.9922012528509968,10033.123753861008,338.8937536598569,902.5227360537584
SYS_130,1,0.9183447774981724,5219.111831424719,0.15288280035254412,0.9675899173660931,0.9671136964066319,911.3768467869777,9992.24786345663,1176.8538371628365
SYS_130,5,0.7028469065365045,385.38588415105124,0.9965154372770358,0.8178821914857217,0.9923396663463051,9939.641023037973,0.0,10478.074290829867
SYS_130,8,0.650592230296523,3855.2985089742665,1.0,0.9772926747843254,0.8731549113954917,2247.7178622327933,5158.101998178869,267.099888521807
SYS_130,7,0.6544841124307614,9734.418997368977,1.0,0.7636320119404241,0.4318671734396377,10112.59705580149,2568.033505678489,9810.91130480323
SYS_131,5,0.6383257027349893,704.0291425867056,0.45944623609137697,0.9907740541764883,0.9988778792344086,5163.581907009766,2403.544974056532,
SYS_131,4,0.6598594561096388,7286.294292601989,0.8688739264079414,0.9385692986536515,0.0023196634147947827,172.65177755244196,10018.232009841082,10014.088029394958
SYS_131,6,0.8012406861932063,4523.9323812519915,0.8659081169155731,0.25394465197736604,0.99657485898312,351.24802237913275,4339.764948163673,9922.11058246199
SYS_131,7,0.7705972033306834,215.28024148756816,0.9873792703645535,1.0,0.9596841996137453,10206.770782038055,1937.8365020183228,10195.541409808386
SYS_131,2,0.674497000150233,4058.577697419405,0.014674365835345525,0.9873302225759096,0.9621867679434565,238.08155043289042,10343.893715520435,1086.1461486114974
SYS_131,9,0.9700950220070844,1370.3977405341395,0.03646296348932125,1.0,0.9939656707130303,3205.98942636479,2798.5973984627108,0.0
SYS_131,6,0.992384794514492,8302.304895366986,0.991934237765741,0.9971102047198188,0.07227468048818632,397.55448767615945,9578.70975077135,4691.391472423551
SYS_131,4,0.16807890665743996,9975.252500771227,0.20630409513596815,0.36425575123383586,0.9795527035396702,9675.018882587341,10098.719976229397,5207.569011613512
SYS_131,3,0.34055228771255397,9799.680033523331,0.07236427540745527,0.9932690706708058,0.9836385869858666,10243.671940947292,1741.8045725961465,
SYS_131,10,0.05560975134149871,5215.901225157366,0.9813916752006732,0.7441152086285089,0.8074495441714962,9643.636174937967,4835.23152337322,1161.553304065763
SYS_132,6,0.9848836382543649,1518.8442979987774,1.0,0.9874766601422359,0.9938064626736145,360.57915901105525,9945.788250817517,9886.455597013555
SYS_132,8,0.6703547523761617,5840.372105880695,1.0,0.6552169903164808,0.014750837922027152,10093.046716464709,9713.845749067608,10066.171923562648
SYS_132,1,0.5139856954980939,9935.996338455761,1.0,0.9856376461957735,0.3096907651953835,9956.399579130379,7304.810618860255,9739.515673462194
SYS_132,3,0.9504815486814691,10024.26821662645,1.0,1.0,0.9895208036517456,85.66456065009918,372.9906773945614,33.733345625223535
SYS_132,6,0.6576149281094567,9746.146230423441,0.0,0.0,0.7710546578875449,10069.661039509532,9743.874610020679,10087.28097073555
SYS_132,7,0.7403821432860633,7082.01765901389,0.24394408852237942,0.9913195877053509,0.211229979349443,1898.208680696507,1522.903183610663,9860.15713955037
SYS_132,5,0.9867497900318674,3913.246268948653,0.05703344986896374,1.0,0.8570408658893649,10065.367485122571,9838.951661427225,10075.266673781214
SYS_132,9,0.45262911602275535,2106.8589549856392,1.0,0.7795456317083976,1.0,10160.307379199065,939.0007827296017,10036.9364052289
SYS_132,10,0.9922671530201252,9973.140526834562,1.0,0.9941323320432861,0.998467009735319,1118.8842167529235,703.8489080924782,7541.099212251779
SYS_132,3,0.7409933455280195,1422.708383315454,0.19378190596819192,0.9122115373734604,1.0,2215.901081626223,922.0236359401594,10307.24726921845
SYS_133,5,0.3695155774619621,5165.392310681286,0.9982589390592729,0.45579027229028657,0.1760332142658482,9424.194621671631,1326.381542269437,9948.455546008785
SYS_133,8,0.7874991879581572,6839.019833960526,0.9781216617034462,0.9980492589207883,0.9839253093660884,501.947270552323,10222.730625813632,10029.208045115734
SYS_133,9,0.9897818925470667,619.3246065811148,0.8240650556262128,0.9784478200396298,0.841557036699856,2673.76894339561,9961.857114409178,1892.4874851992008
SYS_133,10,1.0,385.66810922064366,1.0,0.991828393921558,1.0,273.3935498836467,10166.621821395152,3759.1490540652135
SYS_133,8,0.9896581212281303,1872.9582311888685,1.0,0.4217400378243546,0.016261208053311875,9812.889009629966,699.8256404294967,4870.150420266404
SYS_133,1,0.6639160339080195,5267.048698601008,0.9783717633006624,1.0,0.949612433406009,93.37449601874253,0.0,10210.451859808723
SYS_133,9,0.3185375408709333,9855.558075656856,0.01955320237573723,0.43746215240824543,0.04456530180746279,9913.190072028641,10361.664555158844,6701.732133721392
SYS_133,8,0.977844354448469,6659.469438534614,0.020822171510770246,0.8991359953436827,1.0,9783.253913290677,1715.724512328431,1429.6927868994842
SYS_133,3,0.9433792240420947,3345.5176298325664,0.9932981503012179,0.5530487299628136,0.05336223289185141,0.0,412.10934679677445,9520.25436563295
SYS_133,1,0.6398033368890115,10010.412153641324,0.9713190705000031,0.37832505366022356,0.9773557381382006,9478.493763904218,,10135.404410139732
SYS_134,9,0.3665253147618343,3781.014961626598,0.19406792743261886,0.9822928318152169,1.0,587.5311729338157,9902.470786685295,9961.567990732437
SYS_134,9,0.46207586760176894,7061.432776019826,1.0,0.970025378305747,1.0,202.36961124676213,489.87463385971915,10087.801635586464
SYS_134,4,0.6330003168593855,1387.3855842038222,0.8783416836452442,0.9464737862083253,0.5271916094508803,10212.567633122044,9946.282191227127,266.62003805084515
SYS_134,10,0.7014185396725429,10098.779357671643,0.882197629015283,0.017408314130290297,0.9976168143691876,9905.144152919582,243.6026819980495,9791.287639599035
SYS_134,4,0.9951916609630596,1441.657749673372,0.711297950592062,0.7438274873875191,0.4552151437773012,935.3249456201997,280.6929545624663,9904.470392112971
SYS_134,8,0.23784805106234647,7787.211603136707,0.9957309007055148,0.2263371131730213,0.9690039656794579,9972.505859296594,9775.127684550316,10042.215647501023
SYS_134,5,0.9491972745349471,5056.277925616411,0.9866530396625802,0.9929622686941736,0.0,10009.744667772751,6255.61822459275,715.5144989129205
SYS_134,1,1.0,56.45185997243681,0.9895096917840542,0.9019679147425737,0.3213796745968856,10020.397739795757,9928.507967631162,656.8028871231013
SYS_134,10,0.9956123385529281,977.7905000915182,0.9707857905783854,0.0,1.0,9102.281576600106,9700.04712595887,841.5443031603795
SYS_134,2,0.9835056392253952,4230.161049066021,1.0,0.2583348998933289,0.997477216468284,3030.413161174924,10144.668894128245,10404.031152555091
SYS_135,3,0.760263917236332,10187.096415328548,0.9845283008833666,0.008681625816881675,0.9786900292675722,10167.969601417504,2353.166567492263,453.1723129487591
SYS_135,8,0.9939255266161687,0.0,0.9197228158982916,0.20930798933540423,0.6738012335853965,1886.0418505969492,488.0882580401691,9863.167292806647
SYS_135,3,0.0,6748.196826465255,0.4956522821464755,0.004705176874733936,1.0,440.43928500454695,9946.248772721783,10093.268813242572
SYS_135,3,0.0,9937.718234105818,0.3590771858644324,1.0,0.5304037964429892,0.0,9910.669440255566,1292.9478843626453
SYS_135,9,0.6434706366911784,177.9689271783532,0.294482832922809,1.0,0.9945386709522465,29.25688930291753,468.38929352303626,9961.451334336736
SYS_135,1,0.857569776265793,10148.11722735273,0.9618371599067183,0.2024366250313548,0.20161213815701381,658.4770343044588,10008.57487011862,9935.627653892683
SYS_135,5,0.9840892508802999,295.63487458368286,1.0,0.08758946508023156,0.0,2311.448747525447,2417.3159833947375,406.53322869255885
SYS_135,10,0.6552031640223714,10239.6245659266,1.0,0.04385649941281514,0.4449302810290396,9988.49826118656,10162.969070089894,3034.8835983950325
SYS_135,10,1.0,4912.925268729356,0.9900751013107731,0.771198282673349,0.5858496066950017,9781.21041668735,10014.724335851417,184.8653687227491
SYS_135,1,0.8590417141920138,7340.315191512654,0.9800998635178474,1.0,1.0,3920.5771552563697,774.3276701734765,10270.544852477413
SYS_136,5,0.37910068913291495,4312.502382202333,0.7132448190534552,0.5915501606178465,0.35953937351677034,2720.9495388572323,9760.232727839042,
SYS_136,4,0.3533258571757331,1045.803739707431,0.3362167552101176,0.9636266825279349,1.0,9225.979848838842,9783.188031945389,
SYS_136,3,0.7121590624740275,4799.287016271957,0.029875281239827887,0.9240017314641804,0.9927604181017111,4127.931620875768,9764.592431903193,
SYS_136,6,1.0,9944.842419889646,0.7644225520850364,0.9592811943806735,0.6514783186161722,387.8699859498508,128.92567940656562,
SYS_136,2,0.9815397878811122,10086.685912137742,0.022519491888003652,0.9625118461287441,1.0,213.5440086007555,0.0,2284.381693691124
SYS_136,2,0.9885532197104389,5339.679993209163,0.9979420185389695,0.35472439705930225,1.0,10229.68740527343,10130.689651600876,
SYS_136,2,0.4936322781725487,3816.137887097878,1.0,0.9887256446972611,1.0,1768.1972773072177,3546.7754219322724,
SYS_136,3,0.9720911613031941,2404.0059948952703,1.0,0.5905938503606588,0.9854299543739298,949.5992400798808,10202.070974680324,325.3719817986462
SYS_136,4,0.9047184675789264,10265.083239933394,0.8198669199522786,0.027132218048298563,1.0,9751.126763324262,9809.03614145129,
SYS_136,8,1.0,1435.321940033217,0.10186778363415062,0.9798418447482156,0.9804290382803824,9821.405720918943,10202.450842512597,480.3531327962139
SYS_137,1,0.563587328330722,5820.516128946224,0.9827728072545173,0.7530678140756837,0.98390372852687,453.05684641904475,,
SYS_137,3,0.6360910548806361,1174.445565125394,0.00844714244999842,0.9980262545559188,0.3782035833401905,9639.154490781635,,
SYS_137,2,0.7985692419981467,645.0982500417704,1.0,0.8893532430078677,0.9844735561995975,2703.0270241093563,10070.87412483971,9416.31522556431
SYS_137,7,0.19811258477425087,8326.762285523993,1.0,0.0,1.0,4917.511430013818,9866.4483363924,10179.139136510361
SYS_137,5,1.0,6733.118916654334,0.9929205599471964,0.995001098037423,0.7230520924435005,1611.3266212177684,9964.978941123061,6741.969075207325
SYS_137,1,0.04360477038922162,5285.035993250995,0.9672712150874431,0.6239051722405802,0.8688255450802894,9609.433447957386,10103.542017337899,60.26778137735798
SYS_137,3,1.0,1909.2426339320414,0.9564485704938401,0.7760084537556127,0.3903329806893004,0.0,1925.5052999194497,
SYS_137,3,0.46476512475526865,2768.0398967907377,0.0438268022597955,1.0,1.0,3997.1917465567844,256.3197093136495,9693.526278273877
SYS_137,7,1.0,4038.4639638610874,0.014918095858089037,1.0,0.9873865339480679,537.2227534448518,10317.604435576955,10360.553817627355
SYS_137,5,0.6532253804185432,6958.938653246078,0.0,0.9799988828336553,1.0,3304.8761111160443,,
SYS_138,9,0.347143301710241,3800.247387926608,0.28070353362718853,0.3027400089897769,1.0,748.5883770917288,7611.806924759346,9613.840711045354
SYS_138,8,0.8474312799220374,3562.149393024567,0.9818210324324925,0.018303329563931728,0.9915558725850946,603.9030538898016,38.01268927629256,102.04410611229089
SYS_138,8,0.0,46.181266884116575,0.8616466586596072,0.7575553684898115,0.9995617756174803,,10051.442052322798,1558.9400196509898
SYS_138,5,0.9131561151361937,5302.894742328857,0.935950203982773,0.9964989343067655,0.9910300703551773,10102.710230367464,9881.785455599565,10087.196031924737
SYS_138,9,0.9094789034116975,7777.2720352854285,0.9728895686614283,1.0,0.05833353418496004,9926.017979124521,52.259467513014656,10124.139800380564
SYS_138,4,0.7399086397992728,9872.862677341911,0.959620663354823,0.9500516692313283,0.6903175830164864,9955.373900465878,9662.271926032163,9941.732940336977
SYS_138,7,0.35291902032377587,9827.193204380279,0.5813525857218026,0.992792678955455,0.9920947831530518,499.8882399620267,10055.169793460816,2381.7335083738367
SYS_138,1,0.8923374008828279,586.7618513942448,0.16059107713010978,1.0,1.0,10088.932207540138,239.94759059951758,1119.9507828208555
SYS_138,5,0.652500642941061,10145.264344147494,0.09406891974712457,0.9898867604801509,0.30603990892344696,111.40593233017323,1107.7687408067366,9872.71360142088
SYS_138,4,0.899400758525417,6964.802310257101,0.3412606855664426,1.0,0.0,10616.389981939146,3097.2484226414063,10007.815071511784
SYS_139,10,0.8112132254912292,1027.1934363034966,0.018351098938578364,0.053860590564574845,0.9433007457253644,10368.68076634426,170.52868624506775,9661.45080283215
SYS_139,6,0.7955202649356606,4712.972551777335,0.9973180434576441,1.0,0.367614132599036,9610.018242932838,344.79095449953553,1346.8677113957149
SYS_139,6,1.0,9854.639545142678,0.8852726687896927,0.9629106778192023,1.0,9968.625017528673,293.71867382522294,0.0
SYS_139,2,0.45985948696269235,6746.114077751167,0.8255517414270024,1.0,0.992855661449025,9911.009871474045,9993.524366283358,5074.7684020452
SYS_139,7,0.8688123470798466,77.40909786370841,0.992008088197316,0.9900891105579775,0.0,5100.660614661043,10449.828514541501,3720.4476074992217
SYS_139,7,0.5738157003375333,3957.439069507854,1.0,1.0,0.0,101.68332166910196,,683.3172015245107
SYS_139,7,0.42467598806646284,10054.63403911299,0.49899702372217963,0.9795316618082407,0.9923170059707421,3411.792437316245,1097.9187403364767,280.5190877072908
SYS_139,10,0.6414438226273856,8389.48467220131,0.027811334274129584,1.0,0.37222521507395745,0.0,0.0,9910.260036857617
SYS_139,7,0.99506400292857,4860.026728455662,0.9587271650839648,0.7719667323505358,0.3042175591387925,149.40247316953656,0.0,4305.6390808071355
SYS_139,9,0.7039635841168257,1297.7451035707081,0.0,1.0,0.9889125625225462,10458.722215040485,10152.327614241229,10076.00521106437
SYS_140,7,0.1215403616007369,7933.966605540485,1.0,0.011640820698567407,0.8789481710425798,2551.015770576354,9799.415500184723,1193.6189623138953
SYS_140,7,0.6548558592397788,10039.117751409603,0.008882711160049597,0.9795998600964576,0.0,4851.093874333826,1916.5581318697177,
SYS_140,2,0.5377817467413486,6179.537301072039,0.5928654090149728,1.0,0.9662760592187588,10053.247922006709,421.1817403503096,10023.234985268164
SYS_140,5,0.9674909417672377,1992.8249604374403,0.9665560085723489,1.0,1.0,2261.623399855859,725.6504382907257,526.5936705977466
SYS_140,10,0.9921061273722968,5589.883454132563,0.5020677817572635,1.0,0.0,2032.8721203507353,9873.574041620084,10048.27455305292
SYS_140,4,0.6953384778786159,904.5377047920135,0.15427457071101325,0.8887093687102801,0.0,2414.8559204387384,9826.938473389737,9783.088593697703
SYS_140,3,1.0,10091.584987449025,0.5554675008069166,0.9524763473573015,0.9839391921094928,0.0,1113.7854256513765,374.2327137914913
SYS_140,7,0.6735628970497111,7368.710331283207,0.8958291674966536,0.9903052489338832,1.0,1646.720780482107,2798.7122045777214,10201.7748968012
SYS_140,4,0.4486134235648356,5473.358453389955,0.9934903657172869,0.01267566835703931,0.9984612407512811,10245.706326915151,10206.839487503434,637.222765113215
SYS_140,9,0.010826858272855837,5209.701213014075,0.9842212981123246,0.0009575933318466848,0.9881235531799556,3318.405856303765,9007.939622895272,210.46774026595466
SYS_141,9,0.0,4016.3190441230176,1.0,0.07877018010388773,0.9941605033575096,10139.992407875456,10076.528625780113,10361.159255872495
SYS_141,5,0.4287284521932368,3255.062522999051,0.9742253471254847,0.009772480254108016,0.05076956194543162,1152.6824019611568,9493.752099747106,1454.8904622822877
SYS_141,6,0.3611350468812211,7352.977879825025,0.9265414974774727,0.006691735096302781,0.7940942070131064,374.84897131389675,458.9801167641783,9814.898350081088
SYS_141,10,0.011375894620667569,980.1100749684375,0.9793234857261798,0.5377419831184468,0.04680919622251116,0.0,0.0,718.4518373330726
SYS_141,7,0.5321074360332433,575.3783837117326,0.16563836554196845,0.9835746422722942,0.9608229864745651,4609.358796648419,9762.423951974797,944.9512350941992
SYS_141,1,0.9962973331675165,10003.929136007591,0.9935977507068645,0.9823995800086329,0.0941387985695572,10089.36179737948,0.0,352.5139600150213
SYS_141,3,0.8355120402446352,2582.173521967659,0.9839988641176193,0.49717928437222986,0.0,9938.79867775941,9785.269536735874,24.96081565260738
SYS_141,10,1.0,9922.591219931244,1.0,0.9996425858426496,0.5702979013190739,21.964384201244265,587.6718991516904,2542.0529552782623
SYS_141,5,0.3658116958676613,7515.178642709182,0.05534715518577413,0.1449422255341051,0.026068002944951083,9964.014365193521,10010.853150592082,1271.9317192438111
SYS_141,7,0.7617920970692147,2588.3421435122696,1.0,1.0,0.8681810527326975,10274.811176728927,914.3863371152904,6160.534014919638
SYS_142,5,0.6872610544119756,92.48281561529066,0.9888031868502133,0.04648850637582137,0.9744793189764513,10286.234328493085,10453.288697527034,1949.7831490051044
SYS_142,7,0.45029192544862406,3499.872693153405,1.0,0.10186656066865532,0.9874833633529971,1212.7170668349984,10150.664503981325,9984.997646879296
SYS_142,9,0.32950289490848145,9781.184235221534,1.0,1.0,0.011750837083915626,8334.159634485892,9961.431043785262,425.0641639453771
SYS_142,10,0.23761975637845276,10120.801313593383,0.5804481783411259,0.9746823651620513,0.22663496581721687,4839.008747134746,1152.6816749310615,2626.1245116128425
SYS_142,10,0.7268703634936647,9957.206408526623,0.6891674343099179,0.8676054639771745,1.0,9803.347088569493,9652.44234291494,173.03771201051202
SYS_142,4,1.0,486.43310638878927,0.9888047663094468,0.9944226292758115,1.0,1076.355630204401,1526.6033257012937,10306.090268734024
SYS_142,1,0.6028042563380223,3733.380469396219,1.0,1.0,0.34194909668531376,935.1466574422861,0.0,288.504411166448
SYS_142,10,0.751702182767734,10075.21942296722,0.6936520658551051,0.7494090566432594,1.0,9773.943423494247,1916.4407777210504,10471.222343063899
SYS_142,6,1.0,4586.701730868131,0.17997194068004685,0.48135845523185816,1.0,0.0,10037.03335054181,3244.342268907425
SYS_142,4,0.9875592702132061,6239.09725723478,1.0,0.9941381654283831,1.0,0.0,9752.102842689761,9909.706048813427
SYS_143,5,0.8455085726262956,770.1107180628574,0.9960999894409388,0.011306622597378841,1.0,1594.4616522100757,9840.254469940004,663.2283948152085
SYS_143,4,1.0,7567.014890027018,1.0,0.35639697824693395,0.6830712233791022,1772.6523537511803,9727.241190529707,9885.796607101562
SYS_143,6,0.987465665695525,10001.128543717901,0.0,1.0,0.20434696041409006,10173.010031121757,9727.235717835141,463.77186985542096
SYS_143,3,1.0,6801.964227856709,0.1901450696814532,0.6844042487017566,0.9852240271466187,8808.992932197041,10340.773495494303,1298.953432405058
SYS_143,10,0.9967116812942038,7044.692258358445,0.010430146538772505,1.0,0.06898359318118313,343.7831912386446,0.0,2043.5182878906396
SYS_143,5,0.9964171294248723,3678.2166337245367,0.028260525248139767,0.9888315077874255,0.54130009933566,9661.925681184463,10388.784146933043,0.0
SYS_143,3,0.3937154758423888,3363.576674748879,0.9892691770867769,1.0,0.018501451158325036,1270.1819273165263,9804.46033942951,9855.0961653696
SYS_143,4,0.3260418851047129,4857.824314200132,0.0716236439818605,0.8389273395399578,0.9414122676408075,10208.039809059872,10107.902097656717,2215.1470729673047
SYS_143,3,0.009395925260671035,299.08613213905323,0.9954900709088144,1.0,0.5110277986516095,384.1427711698264,2616.557620557555,2292.078495224891
SYS_143,6,0.6522452011549353,7133.8372820847135,0.6894110301695553,0.11217488305007794,0.02351946906021768,91.6278831604136,10193.269502550193,658.1029749233167
SYS_144,10,0.7288834286299775,4852.046933715797,0.3762559327246944,1.0,,10177.146670223028,,
SYS_144,5,0.8892662578332443,136.18852421262278,1.0,0.9712691836602431,,9873.438254340657,10055.925307986825,
SYS_144,6,0.9790123131153045,10123.073827281944,0.001280072190856699,0.02028100818017664,,10232.976525646176,,
SYS_144,1,0.5029173870015277,,0.9011077980702799,0.9962860508189861,,,,
SYS_144,10,1.0,5408.55616985594,1.0,0.9803912451440071,,9995.96268743903,,
SYS_144,5,0.3198016448364788,7975.274602734401,0.45526775450459833,1.0,,,10216.426697150386,
SYS_144,6,0.6699873015913431,7667.782879196395,0.9874785311550609,1.0,,103.06752197467652,,
SYS_144,9,0.8765741416330981,10091.00205228418,0.018820850685443126,0.0,,732.0289857219838,7271.759395867664,
SYS_144,10,0.9771503231431687,10019.951571835769,1.0,0.5724041351556135,,,0.0,
SYS_144,4,0.029318759823518642,,0.0,0.5465881383340704,,,,
SYS_145,2,0.9989424255326156,312.79801421679724,0.996973527627643,1.0,1.0,0.0,534.7303164903024,
SYS_145,1,0.17725102686811048,7447.65598403858,0.5604078077250333,1.0,0.12296132329072858,2967.7773715539115,9977.348737319746,
SYS_145,10,0.6142685345380019,4380.8034038436335,0.49248562205881385,1.0,0.9849797628240393,9859.82519017624,9829.351652583357,145.8248600603681
SYS_145,7,0.9797693132994137,1488.2511819298109,0.4040762112837656,0.6751064102210429,1.0,1723.0985780214248,1080.4696478824724,
SYS_145,8,0.6585664135802908,3727.246102000999,0.15728526190332792,0.04484758505184839,0.8559722987728924,10037.670504985406,3512.4700386736254,
SYS_145,8,0.5575172869350906,2771.646118948389,0.24369332476403766,1.0,0.3586248096657044,9906.35664566075,25.466147967032512,
SYS_145,7,0.9863010030024172,3716.8514821621716,0.03728786599556816,0.0,1.0,9832.911551404797,22.97950820880027,
SYS_145,3,0.9959443791979667,5205.311576145339,1.0,0.989364072846571,1.0,9918.918794274336,0.0,0.0
SYS_145,10,0.4265742007375584,1688.992174473873,0.8461365679242098,0.5419416081038095,1.0,9527.56346660438,4598.4943496125115,2086.2463445184544
SYS_145,6,0.4961753394873696,2299.9353867587947,0.9838184920551912,0.15473098558163856,0.016259777829827998,556.1476202973848,2406.763913817986,
SYS_146,10,0.3820691672292053,1971.3753016698674,0.0,0.5691101376504664,0.6731484549760033,9894.515038904396,10174.01748593577,700.2012354915091
SYS_146,9,0.8644736897321245,9988.566930664932,0.1983458084532757,0.6583868375468988,0.9778756188646899,5209.091948956813,9874.05127151934,10091.820249340364
SYS_146,10,1.0,5035.902747150548,1.0,0.17884841143180946,0.9979138688669285,3551.867924068816,5248.691885373566,9800.009706131013
SYS_146,5,1.0,0.0,0.15183397372169705,0.9962747931285545,1.0,10079.570079098463,3749.9444371646896,
SYS_146,7,1.0,7757.098408710376,0.0879378030277544,0.9746405947101089,0.2165716184431829,2076.9198856404355,4950.837460432268,6211.751778824553
SYS_146,3,0.9933790918288692,6744.917332228753,0.8360987320826881,1.0,0.979914765067837,3252.4854599800783,9936.48541381125,84.29991549122205
SYS_146,6,0.26550213114596977,4095.054530768148,0.2774087177308723,0.0,0.9924763619750755,1672.111315454663,270.4984600551408,10153.999760313753
SYS_146,5,1.0,10027.256046561926,0.0,0.8008955878051205,1.0,5012.027082651164,2064.323575028521,896.2493284535162
SYS_146,9,0.4922773125551621,5050.2953966487075,0.02477558922495651,0.01185358857874767,0.564603041527938,351.5000667311853,0.0,10356.590183976208
SYS_146,6,0.5114624372960241,5781.910000828262,0.01605207904062447,0.024401168066224166,0.9277316277269843,9601.346597621068,9879.740228427998,8453.708087988627
SYS_147,6,0.8473289600627992,7229.306918608995,0.3245366271449144,1.0,0.9979800411001326,10330.836245804654,1472.6212925793445,5018.323187002109
SYS_147,8,0.7058435979510718,1480.4802494593637,0.7153378192032818,1.0,0.9808397215816546,9422.355428124361,1983.72354779087,9691.8902030035
SYS_147,6,0.9397077151021942,1276.736741845684,0.9933615376961162,0.7639823670345001,0.007801706014062944,5037.902748055965,2465.1024271633482,422.6781086806791
SYS_147,6,0.662866269392298,9817.934519810518,0.48459383220728075,1.0,0.9805624429479348,9948.482537547403,10231.056321941864,367.64229444112533
SYS_147,6,0.5988055132748421,4019.6336640682084,0.07654573180037107,0.09305116102885239,0.757940023983856,65.25464717085343,9997.632865826774,9148.252921490175
SYS_147,10,0.7070445443528973,4801.270129953861,1.0,0.24886952738424342,1.0,1315.069410045258,146.7854305998306,598.1288774584002
SYS_147,9,0.19290936237543013,7233.480052450048,0.0,0.8088048283144759,0.2153610241806455,10076.88384956595,10037.95498537628,4639.263126665603
SYS_147,10,0.6822312500653988,23.21476620743654,1.0,0.3583070016288663,1.0,2618.5011501399968,318.41137520468646,0.0
SYS_147,1,0.04268496518176783,10032.464809528448,1.0,0.9998990045140675,0.27513888174886497,1848.667918904309,1505.2314993477503,10100.204178505955
SYS_147,5,0.7217524702058692,9979.05473509186,0.9624208658414135,1.0,0.9840826222788509,10028.497313591148,9934.182986218892,811.5921836016628
SYS_148,10,0.6627919737914726,949.9475089713223,1.0,0.9968117992211354,1.0,3618.925461997086,3477.021242299486,0.0
SYS_148,6,0.3787655919437471,4254.865909644661,0.28852542164046924,0.0,0.21999040059136568,0.0,650.5729323823983,9732.429047697642
SYS_148,7,1.0,3561.011661551716,0.039641241003912586,0.05814523288073888,1.0,760.3161955758698,1522.3557568353274,10003.542130935099
SYS_148,5,0.5391784691059723,6514.808524739355,0.029665167924208154,1.0,0.008221509850388857,979.6090088012508,2996.1489930357443,9986.69340840065
SYS_148,2,0.9674790946948933,9977.419067179484,0.9974503831818938,0.950265289504999,1.0,10059.138522199144,9784.920248476754,341.20472289847993
SYS_148,10,0.7958962680062184,7298.049733279141,0.9830592032387445,1.0,0.991184824220209,568.6412207600102,10336.514027570796,9978.218858476464
SYS_148,6,0.5077836694666575,9671.213106205272,1.0,1.0,1.0,10374.103989521707,4886.860267254246,9779.586569373714
SYS_148,9,0.6174081111703867,1510.7125089680299,0.348412430885587,0.9963126854252534,1.0,10055.930061213112,5503.893264700515,10342.830706880786
SYS_148,5,0.6670409488293964,3644.3224272531115,0.0,1.0,0.11401764378637189,4813.0861368487185,2180.7269735275636,364.5929473769513
SYS_148,9,0.9068003257353473,2205.292995572626,0.8441942126920318,0.4231138470672398,0.8424546356199489,9864.95943086547,219.67212641973197,73.45701592432755
SYS_149,4,0.5056192371158121,6806.279973514846,1.0,0.010097994914307904,0.6223799554261868,10179.150100808001,9966.832802629055,4957.843059423844
SYS_149,5,0.07833520167086674,6585.645336421582,0.6150623108610973,1.0,1.0,10098.1018152603,9944.96344616583,9997.738187704088
SYS_149,4,0.4236009867468719,7636.360599433828,1.0,0.7209108325126304,1.0,0.0,9841.372094044917,829.9499166427811
SYS_149,5,0.611545846008403,1753.7353831638575,0.5346050455354113,0.2543305435157616,0.9906372678308327,10112.832006408627,10001.378871008828,331.7275927507862
SYS_149,4,0.6748229696097217,1598.3007079311187,0.9849997437962277,0.07871895795422794,0.9000992410388207,9762.703196518814,269.59393168648865,10109.854957061256
SYS_149,3,0.8813886026680331,3828.8279046860357,0.5701451785682518,0.9412546821895345,1.0,10096.085334308493,10041.967461738594,9867.596407845584
SYS_149,7,0.9803690321683869,6648.497375736365,0.9186299229279832,0.013658124105626366,1.0,9823.387307010878,7540.0735242018645,9679.213567484765
SYS_149,3,1.0,7497.036573273204,0.9366341297791959,0.01725709733306049,1.0,9938.286887271379,10004.975221919169,9989.80879306316
SYS_149,8,0.991758378138408,4403.685363174238,0.7280965173736984,0.5811332851655854,0.14582563624227785,2285.5541474655197,517.4098286361113,1129.3088680606818
SYS_149,3,0.14205876460374414,6192.11923654282,1.0,0.04541793834325105,0.9973681921096582,1795.0121873371384,10207.411177273472,0.0
SYS_150,1,0.4842371299480968,4225.213244533488,0.6576727286551171,0.018638229373221186,0.021778906567592383,10088.102610079875,607.053580773248,10255.362605632954
SYS_150,1,0.762729276437001,403.05474495369117,0.049004072504607255,0.9696411491374799,0.5970535822446523,10276.491151246279,10562.973338470969,10342.54050998155
SYS_150,8,0.8077351419401925,1892.099189052685,0.4847869032654668,0.9979287065698581,0.9895060357126277,2164.7572765564587,1851.15320740741,707.9013820536709
SYS_150,9,0.2801564337855429,6396.0485419014985,1.0,0.236754577867108,0.9999659325792245,5500.26177896113,0.9578111958626678,10210.48936809845
SYS_150,5,0.9935579305673782,3835.8563183931224,0.061723321359625924,0.9281000556634919,0.9665088676573562,10329.301969776878,5501.31614835322,2073.1808255943524
SYS_150,7,0.2994337468922451,441.94589140606286,0.024398133428225444,0.0451223147994805,1.0,0.0,0.0,10223.254935064657
SYS_150,5,0.6110602678308293,2222.840723860629,0.23735360402660544,1.0,1.0,506.5527614522446,695.4564647489342,10078.186180536937
SYS_150,10,0.7734716793603443,9900.818382102076,0.0,1.0,0.6871279789856456,9822.958727363233,9919.702346340833,10428.174143253116
SYS_150,8,0.532375279759756,3489.4689657889608,0.4869996835399198,0.0,1.0,9995.962597395772,9664.329475863338,286.1467989342372
SYS_150,2,0.8585297094278717,611.594785335581,0.9884639694353808,0.969867479380128,0.7268304774698441,1340.2070739459107,10191.58158539587,10147.879293837777
SYS_151,2,0.19348761677808476,9836.372158526256,0.9864442570598067,1.0,0.7397307222589952,10152.205862344188,1028.8443548302193,1402.0333424251676
SYS_151,1,0.9871912046053215,10013.030741373825,0.9717419243057912,1.0,0.026396285929918797,9721.000998397416,10182.49620874595,10149.141372927592
SYS_151,5,0.7993364321275831,941.5038848756781,0.7969665971441253,0.042892427418613766,0.9851499533521141,60.9108569615841,1204.7367094114811,
SYS_151,2,0.9893879190033862,10019.79893962882,1.0,0.6664661624680898,0.9955449069548205,265.48518324660785,2908.730924583833,9622.038364754428
SYS_151,2,0.9844365439403752,6801.874936956982,0.28930730610100097,1.0,0.9828718504680796,794.3804395727434,9959.657237872789,38.19116156731815
SYS_151,8,0.6022955896619816,9772.166818314452,0.9953785621956441,0.9631572229842993,1.0,0.0,1283.568293121601,0.0
SYS_151,5,0.6309805047443813,1291.537774663953,0.9964648967829965,0.018485250134091316,1.0,9984.43879414474,9984.10948670671,10055.433598477252
SYS_151,10,0.9962496144830778,9916.695332010173,0.762490189012536,0.5056555408329605,0.28383428229047336,9973.91624015177,10085.235277915846,10077.945699609209
SYS_151,8,0.9989849914242177,4345.989889686858,0.0,0.0,0.26870210563025604,532.4238686143607,9882.058910137817,10538.760919284943
SYS_151,8,0.0,8489.30757533832,0.23402670780190118,1.0,0.7178204507132337,172.5034432198146,3203.3953798784455,9979.92891936767
SYS_152,8,1.0,4061.267600539202,1.0,0.9597713005057628,0.5256602591646629,10102.091152907624,9789.337825972287,777.350140646139
SYS_152,2,0.7993240495002866,3868.801054824265,0.28057443635557616,0.9524750415461447,0.36764919890310865,9831.582845574898,9844.916723468377,10035.368800013
SYS_152,8,0.7092774420981466,10110.029255880414,0.9955368813778583,0.5882032182012741,0.020024911798152852,47.201150759496954,376.461885398441,4616.460735994153
SYS_152,6,0.9213037094204587,6797.959847664879,0.9937449526743279,1.0,0.9816465276211113,5198.4118778024595,9915.042214159355,1611.5857716118426
SYS_152,4,0.4978469749355496,4201.588790277227,0.4146350714533168,0.657580800590001,0.38541803412389636,9880.910109598815,173.09346172490027,10241.761140668103
SYS_152,2,0.743970970841441,4989.165382297652,0.21284781134510522,0.7149977162280655,1.0,9913.378533131416,10191.83600868984,9768.559799049737
SYS_152,8,0.35316848717239396,3907.760843627951,1.0,0.7284913351427617,0.9065356993959035,0.0,2098.18982602185,9461.899917126611
SYS_152,5,0.6660079172118464,10159.71047846956,0.0,1.0,1.0,813.7119860138888,1040.7868330957076,3741.770013228801
SYS_152,7,0.8959352630026904,3361.638312651024,1.0,1.0,0.09653760052151501,3395.698393497111,9788.036069666648,308.97005614777294
SYS_152,9,0.9984192809873339,9771.200728432217,0.0,0.010315749068404283,1.0,,2345.141557936198,351.73137712075084
SYS_153,1,0.6384395734518484,7927.848763364334,0.057735170612742234,0.8542259579241734,1.0,9566.885447023167,2818.3800048273642,0.0
SYS_153,10,0.7679176058854359,6569.697658012069,0.40281220961377273,0.405181378106627,0.9787533459155228,9765.354286580947,9880.734383851555,9771.733846529442
SYS_153,1,0.41904154113156317,3886.4224350630047,0.8147366759483162,0.31591655266938073,0.9885773672057208,0.0,10203.280729990416,1121.9166280840898
SYS_153,4,0.4758816063131155,4674.1016390657815,0.8465231928945445,0.08727789058705607,0.730678117161127,1220.341305423254,10153.497128887851,9995.94359027043
SYS_153,5,0.12203534202496032,6915.225917694666,0.959753056840246,0.07473479871069214,1.0,2210.728924200154,2491.87819528359,0.0
SYS_153,6,0.9339356497404009,9720.74216210321,1.0,0.9723907874140905,0.9704351448362784,949.4155600638234,10130.019395414885,1559.4494451521073
SYS_153,1,0.9624945880583728,7248.509632462337,0.9916269520147508,0.9999162447303063,0.7832977453189588,10157.386795072198,10072.24789270158,10179.287478623834
SYS_153,4,0.8905928512923498,9565.271219887729,0.9930990315072045,0.0,0.5302202900361105,10041.178723793166,139.4474566115374,10250.447745735697
SYS_153,6,0.6643588823949821,285.72029345253503,0.98394101408436,0.9117389753079739,0.9670841440495317,9903.541810184774,3578.9361513300382,9706.93320374972
SYS_153,6,0.9726188768548222,433.707375348637,0.9361039013737779,0.6399877808669123,0.016153456025880274,93.96103041898593,1540.7105994976332,885.8681323871798
SYS_154,9,0.18800972588006454,4661.889529800119,0.9918767299630612,0.003726269025943095,0.7094636122447923,10227.34992117417,10011.591477910486,76.79028288105262
SYS_154,4,0.10334641185516691,10015.411024286053,0.984289668364896,0.5096470029127907,0.9679936003949776,4396.406826323131,9769.121901080856,0.0
SYS_154,6,0.4706677100888702,3660.7178034454855,1.0,0.7130740371008913,0.9992071065698189,0.0,178.8832221533562,10010.578063421372
SYS_154,3,0.9846740036779597,4070.21406680554,0.6857897156085248,0.9913220884822468,0.3553240252957887,10251.633248125154,9701.034570326265,9601.781318322104
SYS_154,2,0.5236871374894659,1734.575730604238,0.9936892248397207,0.1342944286452271,0.4905946695858672,10087.755526331373,324.94176674228237,1774.9150823479288
SYS_154,7,0.9914831580793486,5133.225189335928,1.0,1.0,0.9864856913629972,9992.748213503726,10018.257520231336,9936.092155529614
SYS_154,8,0.9595192692083115,2438.2770253202348,0.5006764550411815,0.35836546249004414,0.29158667581343767,9565.815837904549,9933.543035746347,3.9058000444575356
SYS_154,8,0.005522243787644952,7496.032484970025,0.9905707593284199,0.42740242162686504,0.968243362872603,9934.597701422932,229.10821573351402,309.2037313009333
SYS_154,8,1.0,818.095120282355,0.33044515282451525,1.0,0.09176106109024038,0.0,832.6060192585467,9963.169860790767
SYS_154,8,0.7566715604974212,1948.5444554175497,0.9730822133557699,1.0,0.9743304217432347,0.0,1236.9785292893957,1680.7896592319769
SYS_155,3,0.0,2839.69705991029,0.0,1.0,0.6476459592682874,9970.084314322208,9750.157047261204,9759.09711348051
SYS_155,1,1.0,1132.343078298614,0.9136406235260295,1.0,0.9940675277098467,734.4926069828834,2046.667802974455,47.63503066352084
SYS_155,10,0.0,736.1223141778896,0.1807176827591891,0.9777952451599182,0.08896947507320466,302.93377286175337,226.92399690228498,106.83241804040529
SYS_155,9,0.050678722287327366,6736.191954603948,0.9801676825430728,0.013466748825458858,0.9955580451405515,667.7140181343294,9984.204421970106,2470.8147423281775
SYS_155,10,0.6936649721666766,6143.7666432829765,1.0,1.0,1.0,86.03259590440197,1528.097282658352,10035.026563846539
SYS_155,6,0.9890009178518486,9903.490538360897,0.014907327054979616,1.0,0.9989911426175064,118.36146907343186,10135.90613250176,4240.84962882567
SYS_155,8,0.7783703533963444,9918.813403250238,0.9656887247395554,0.9851591475589914,0.24256375883961143,9863.546803536257,1431.5407546303707,9691.255356513973
SYS_155,4,0.9765240596531356,4325.336163255415,0.8984187026994139,0.049658426398012004,0.614883669798152,0.0,218.71949528253273,167.6960585763549
SYS_155,2,0.9954665813496612,6841.777573386825,0.16302237738684475,1.0,0.0,9945.749397615677,634.3552621248515,730.1830197678848
SYS_155,4,0.6671515561759128,7721.782946557676,0.02564302548535044,0.20956673057003064,0.9433981787075953,148.0493560594699,10358.877741263188,483.9790935269301
SYS_156,2,1.0,9870.150858933293,0.9784688061001227,0.8082865087206421,1.0,1841.425201424058,9388.298465575388,9977.291708569464
SYS_156,8,0.24692982653262877,457.2721402488044,1.0,0.06318666864033667,0.0,10319.753691804832,10013.78840414602,9972.632873957185
SYS_156,9,1.0,10041.105276231832,0.0,0.9651346911905745,0.025949476472568362,598.2076076827705,10094.474217496845,9886.563333581633
SYS_156,6,0.6538550887029024,9904.618003691241,1.0,1.0,1.0,152.58352674096477,10411.655747023427,10257.256954129987
SYS_156,7,0.677534987001626,4354.469151466045,0.9910137831930637,1.0,0.7524209733053828,238.7122867197158,9635.167078819199,10020.677726426298
SYS_156,3,0.6618294232581812,5774.882099586616,0.7371106680649413,0.9991461640658872,1.0,5218.175010601497,2904.3607745413715,9521.005288814868
SYS_156,5,0.7582310111841277,10363.338128804451,0.87018570104738,1.0,0.456306907610128,571.2213432475726,0.0,10253.60133515094
SYS_156,6,0.9249922177573562,8149.380706410279,0.8638476588184881,0.31159531993283934,0.7649417910116252,1039.5968192779872,7974.911607021198,10209.709602618004
SYS_156,1,0.3164819030139897,9843.308594417584,1.0,0.9977607268706242,0.05473742022087926,9986.60600877573,9955.064900657311,148.93431860709134
SYS_156,8,0.2954208860459742,3880.4703042408746,0.03979938759602268,0.21504814524825772,1.0,472.7318988261326,906.1108992945958,0.0
SYS_157,8,0.17978479344685958,8509.460468100158,0.04721945970102545,0.007552372424092368,0.9732214176181524,1330.155990872431,10264.956263245134,1809.351783449391
SYS_157,1,1.0,9931.711649308387,0.43996016687408873,0.5007180807158964,1.0,9689.749290535783,0.0,10196.428568472245
SYS_157,10,0.4033300597242913,7515.512839706415,0.0,0.9981890498258209,0.0,9867.353503845063,903.938437382545,10083.43652058794
SYS_157,1,0.9680365472778474,8116.626576899873,0.4817964124178931,1.0,0.8014137997056039,1979.2480231410225,9956.560424084799,1363.6758880039192
SYS_157,9,0.8114391568602531,9998.206848167627,0.9720179631913026,0.09988053034837271,0.6987946258294861,1467.2234729787474,10122.281449021115,3523.5535765033574
SYS_157,2,0.9229617750572108,8452.683014619539,1.0,1.0,1.0,853.7330031441686,1331.642754003518,10030.6282424721
SYS_157,4,0.9891052656477292,10089.174559243835,1.0,0.7444591094527047,0.0,712.9059645404689,9957.326808307283,479.17362781477766
SYS_157,8,0.27815739851740434,9899.208432508549,0.67036558729524,1.0,0.03757973860401762,390.69586949092115,254.61550899716593,2335.563754086841
SYS_157,6,0.9874040700572206,1178.1549734318914,0.9937430769110673,1.0,0.760194412605028,622.0490402395171,9733.493132402251,59.497515753523324
SYS_157,8,0.5341322134376215,9854.403009022026,0.7325545679128587,0.9885471889009679,1.0,9941.784049660528,154.2379435106365,787.1146573620268
SYS_158,5,0.7846738600266538,4072.92292897591,0.3538678114748973,0.24575752850931806,0.9746384550207469,2065.947291129366,10227.102084848935,1377.366903784155
SYS_158,4,0.9267192053121078,2003.4850526614468,0.43601532202846405,0.9975969101063459,0.0,1891.6201841032241,1198.120622450071,9758.760963949591
SYS_158,1,0.7780660635064074,4883.6553606288835,1.0,0.30344843953560763,0.7925716473000088,10498.116877177,0.0,10000.835765840104
SYS_158,8,1.0,1994.736641251935,1.0,0.007835223701515626,1.0,9991.930619707073,9954.782513693828,996.942264628764
SYS_158,7,0.763086424150269,3565.9863005227758,1.0,1.0,0.9962001376983969,1747.0033435635523,10066.389064968294,10203.449680637244
SYS_158,2,1.0,6797.540219660468,0.9225430258499904,0.8523275000145465,0.28619638271616615,912.2822817189872,10097.340364273068,10204.667039845315
SYS_158,5,0.8959065196834815,6685.052924206782,0.0,1.0,0.8417219513866536,0.0,10025.458401970971,9984.907051372706
SYS_158,3,0.5884464672356258,9960.018295370357,0.4324418135678477,0.9878855414770863,0.04061646702865204,9991.306393635801,457.3311824054965,52.32267699236209
SYS_158,7,0.17317033957369268,1064.069272802145,1.0,0.980424965933746,0.3780274344332273,2204.54658401893,9715.341473949871,9869.817724916364
SYS_158,3,0.11750035386746775,691.9564074716338,0.985352120004567,0.039581592688293095,0.7909217208747832,953.5520496310784,357.2159465465469,10054.937607234762
SYS_159,6,0.6754932241033437,1579.5416185838283,0.20746634517169105,0.9807011405042062,0.8735915243667757,9587.51626207073,182.0469722171486,9639.183408562405
SYS_159,10,0.3936687671417429,3997.079028796956,0.0,0.10536560817760934,0.9859728776233696,1412.9058801751105,10136.490807802955,3328.3371661296364
SYS_159,6,0.902223777445746,9921.426918665904,0.0,0.6921345293130308,0.4502166622481645,9368.686993983749,4991.852074661532,1240.2791760446073
SYS_159,6,0.901281895981393,8114.797989984297,0.04230819447435368,0.014170611605409946,0.9100470206582955,10081.638080140518,779.9870482621965,1123.3614447303896
SYS_159,8,1.0,10254.619980043082,0.9963885196573664,0.8928481277271207,0.1208138526221001,9989.599241206048,10225.495254990461,44.481787569631315
SYS_159,5,0.6159265860140108,7262.430693416645,0.7551811612983972,1.0,0.879561289206154,419.4037681879553,10072.802225212983,949.070762183893
SYS_159,2,0.9905922551754182,0.0,0.06587584727240284,0.9070356982078716,0.39420799310349075,404.0951022708437,1709.3347843015842,10111.351116516113
SYS_159,7,0.9742332466007435,3375.9494330462476,0.1980707308021421,0.9888617020710264,0.2558703478557475,242.69274287856263,1117.9393372818695,9787.474412634869
SYS_159,7,0.09079698948248768,5177.717880922921,0.9754356336616713,0.7409789310818112,0.6260724830412516,4592.853020355029,10028.66865974635,2146.689934644201
SYS_159,6,0.0007449222857552622,7980.938677874009,1.0,1.0,0.06669503583798683,4936.351664293696,10060.692983718232,416.9281362698823
SYS_160,3,0.6393402290976047,5168.6962380557825,1.0,1.0,0.03105542569186069,2366.168511482765,0.0,9.882311534808878
SYS_160,9,0.9353165736452336,4131.469053476135,0.6746600923871084,0.9886415718394617,0.45304397827521004,,,1163.2967928547257
SYS_160,8,0.33475674435293307,357.1963616822569,0.9847101224365927,1.0,0.1207704139584016,2749.9543511839156,1439.9293572251554,10146.121834319809
SYS_160,7,0.7325089783558295,2530.6165066387034,0.9898548265237943,0.2244659747708068,0.9954419036103049,136.87961618719788,10022.192199577446,9787.49212768704
SYS_160,1,0.9941486246079437,3540.6751687723404,0.48917901407171505,1.0,0.06939306355529619,954.587911584061,439.36361777318797,1085.4409956913944
SYS_160,7,0.3546098332544863,4433.135804811198,0.0,0.4467367128273792,0.5418705566028107,9880.36576845093,,9872.478799364477
SYS_160,3,0.7281777633444572,348.0383902024928,1.0,1.0,0.8416352509536446,,9971.071196330535,9638.64241525105
SYS_160,8,0.8871995352367221,10119.359289857455,0.13380014825621178,0.06074303033715471,0.0,10289.253236022254,9831.8066738515,10167.627368864334
SYS_160,2,1.0,10020.310947921445,1.0,0.9759347117035806,0.08602334308096862,10095.891988367452,10058.997554928234,10175.869606686336
SYS_160,10,0.48316967489724094,1208.5950618374877,0.236198075657096,0.8895991822813188,1.0,57.83073555229183,4716.33456390257,9926.872650052734
SYS_161,6,0.367421143879472,3488.976716398314,0.33360965443369134,0.5699111251163645,0.002194362571622093,,9971.30652927315,
SYS_161,8,0.9907781622535408,1891.3588022857843,0.9660031837210443,0.992089285932774,1.0,3073.6478098103353,,9993.816330009737
SYS_161,10,0.6512339233285931,6826.070228339997,0.0,0.09469697659039142,0.10441805833195164,808.7890288174724,9719.001126297086,235.21743077540702
SYS_161,5,0.132291117780513,121.36346054745007,1.0,0.8624581081239454,0.9843256617800431,9964.075765696445,9965.721902278556,10053.731855156491
SYS_161,9,0.6577109882404716,1713.7551109697213,1.0,0.15288492491767458,0.4971856167870776,237.70679587243544,9872.749266935125,1198.7329959522551
SYS_161,2,0.5656442104848857,3855.458505241806,1.0,0.0011715466621949415,0.33172670607854116,,0.0,163.38915202408123
SYS_161,1,0.9652955618776564,10351.322031097812,1.0,0.22633374717390634,0.9962765503666422,,5155.856943671398,9741.553641573995
SYS_161,8,0.8816090353732533,6820.482302184589,0.9959814248961323,0.351015481665822,0.06975664410046205,9811.432574032522,,10149.806767233657
SYS_161,1,0.2027168233726633,2630.8772894638196,0.11406937493529598,0.35461730818589937,1.0,10197.692657747297,0.0,3.018908023978156
SYS_161,6,0.6495037136717642,0.0,0.007707888791100781,0.3196342736149866,0.8765667849190178,10043.181537252764,9951.39435308222,9714.158829311984
SYS_162,6,0.6323905415630244,4013.9002441094567,0.5092369609974305,0.48908670927240644,1.0,182.22629489054327,4978.904860518882,63.835458175916955
SYS_162,3,0.5642340527093888,7762.8806729193775,0.9954983490977147,0.991459827029572,1.0,10224.89940031222,0.0,1468.8959501034628
SYS_162,6,0.7842652798276414,3290.046377033864,0.051038616095126665,0.12155537439828758,0.7827710396641472,10184.901132896202,613.2484268004117,42.809677899172556
SYS_162,9,1.0,7388.345387242358,0.0,0.000547996042523022,0.9968020176582688,9692.068221997073,744.6769493748719,0.0
SYS_162,4,1.0,9963.054778165813,0.33153184425568016,1.0,1.0,1499.0034435075345,1757.1503359695942,1256.591388497238
SYS_162,3,1.0,7214.394714499139,0.9695364085682681,0.002731018335462407,0.0,169.67994078828002,0.0,576.349053640537
SYS_162,7,0.5612593798635879,116.44612953476394,0.4525653040680453,0.2554286584079746,0.35652179335160233,1293.044818721403,2928.49262892869,10256.293064915282
SYS_162,5,0.997578123728117,5825.069501463778,0.9928396572789165,0.02943755105831214,1.0,6189.174691867459,9818.738478959029,10040.68118907726
SYS_162,4,0.8248578706704608,507.57265101538286,0.8515657130481309,0.5586344097246482,0.9880829235834104,4359.265648757509,10117.976205224802,0.0
SYS_162,4,0.9970099095530298,1615.4292526858947,1.0,0.37381752847666483,0.9795997906568731,1013.5247754535943,1969.3955190714448,2613.835668890106
SYS_163,2,0.38322252842352095,945.5004906667551,0.9904593451424519,0.893335064094872,0.060762449362414275,9845.065806129674,2080.566125591966,9663.55770579443
SYS_163,1,0.6313176027906805,6476.060576164314,1.0,0.9864182750611358,0.9972587341989537,42.13923674151087,1311.065991694438,10071.009788333768
SYS_163,9,0.9841347543103083,6589.243288088281,0.8757082099830372,1.0,0.9760737472597619,192.98101959311333,9885.804012686904,10174.392252932943
SYS_163,10,0.7290568667170672,4147.473181536998,0.27431994877620325,0.14105661190816898,1.0,9820.827967851405,780.0282397026025,212.69769156604286
SYS_163,5,0.9337110810240192,8822.407133743309,0.9865471542219005,0.06217915967577257,0.9695008049537045,1234.1921932351843,9630.244813868496,1147.2332207275092
SYS_163,9,0.987214591506298,6812.289507424625,1.0,0.1054846160954992,0.9853586988648301,1352.731867702858,2098.5744144850473,1801.6963798989268
SYS_163,1,0.7481593877684669,150.73722520798455,0.9927845119494618,0.993753122676963,0.955225546510103,9889.595656126472,9805.354312772995,4672.917892209435
SYS_163,2,0.7774889373198236,9959.71383786739,0.6127240244364044,0.9912528961575037,1.0,2454.23727666799,10065.860858562803,10190.415177668372
SYS_163,2,0.9593525743879324,9907.816317278355,0.01347908698627694,0.9851400613833698,0.7798602681814574,9931.526123171898,0.0,649.7517760310991
SYS_163,10,0.5892426167279713,5779.731400479306,0.9986490843914453,0.6478825493982862,1.0,10235.22365941079,608.045092641556,381.6864529841729
SYS_164,9,0.8418889702784854,9883.888915103435,1.0,0.7028024133993058,0.9996707795932457,10481.828526241454,9639.820688879607,70.44788099974667
SYS_164,10,0.9672015343021945,3790.1357773491436,0.9497396272416841,1.0,0.9475744715736957,10017.623831933204,10249.535585854072,9883.176376042156
SYS_164,5,0.6950364089624234,3996.8334095706973,0.9881966619310631,1.0,0.9918631400349631,2176.2815395402763,2222.960931143845,9889.308946669344
SYS_164,7,0.9843790657292266,7265.6407317238545,1.0,0.9926656142475146,0.8336171052300891,10530.380796744388,10068.077715187346,10006.979966241395
SYS_164,4,0.6351291330262885,10024.079194838923,1.0,0.011255810516523503,0.3704974919002012,308.1558768632533,10011.959199955258,319.24607745719095
SYS_164,5,0.6609547393546217,1367.1638383475306,0.27583211919467593,0.9969595188509137,0.9952176907277421,9989.462446276231,417.54171797273426,9793.990913328054
SYS_164,1,0.8353865444771329,3847.0762555479387,1.0,0.9787991776890274,0.8555513533650265,1047.8598857661168,757.8804881042424,9844.384010199921
SYS_164,2,0.9496974277436844,7683.281844703781,0.25264944720116195,0.0,0.98001581710862,10259.632128814765,9954.46269312981,9771.310584680135
SYS_164,5,1.0,1897.501294360811,0.9906325134308868,0.01762108912535595,0.0,9991.489989184594,337.1625521380022,10296.055773466154
SYS_164,3,0.853923879828664,6873.244013202546,0.6513138313388944,0.07862226477455808,0.03245200592081053,707.2536323597374,2371.1354988319686,1832.29120091716
SYS_165,3,0.28540029571883574,3423.817586959861,0.6798346388150788,0.010660137560293773,1.0,472.08375551221735,,10495.30880200636
SYS_165,3,1.0,9867.35163042912,0.970393949844819,0.8074610129006132,0.0,3060.669469886853,71.10295830719281,10081.584639920915
SYS_165,6,0.7157084520135879,86.80706243423305,0.18037431059438463,0.7563330773259822,0.8869161670091865,291.7175791721872,10101.747694152811,3122.810367431337
SYS_165,2,0.9813869547784041,5248.279430482854,0.0,0.9937311944569227,0.2643817501025146,5052.632008281452,10054.843024034133,9766.596069269393
SYS_165,10,1.0,3766.467930202777,0.192063781502398,0.561361090847829,0.9893032044491961,1081.384036405646,9646.228048230665,4917.024707270275
SYS_165,7,0.9314821537537181,7308.681922201639,0.42310787023911944,1.0,0.38759305927378407,9813.85198298134,232.6854302109024,52.6485361716276
SYS_165,4,1.0,168.94212577073012,0.9939872341923904,0.9030603169033549,0.29813148769954795,9813.427860456968,10062.206939683538,215.27949170853242
SYS_165,10,0.4193604408668278,6582.060341022364,0.9896643633104083,1.0,0.9897870065344558,10187.340808106816,96.23750998221277,294.05911042915693
SYS_165,5,0.8280952276668444,220.20012970730568,0.18654055379928947,0.2910664862005832,0.30627461528694433,9752.180164979129,4763.5623490812495,1355.2306065328462
SYS_165,4,0.044186374980493076,3847.4092841302427,0.53557634004365,0.0,0.5504022630973893,197.5700621616233,10093.106082191745,248.80072396479932
SYS_166,2,1.0,2193.594990486898,0.990411555862429,0.9192698803442282,0.6738228266983035,10339.479055911843,10353.47762952317,0.0
SYS_166,2,0.9339518105018045,3719.235416946558,0.2414951842583411,1.0,0.02930356463470915,1007.2581267719715,10087.529087257304,10062.383113354073
SYS_166,8,0.5143255237369264,0.0,1.0,1.0,0.6280347927625531,1816.1665258390028,181.47546068701723,10121.585603758751
SYS_166,7,0.35511296736591735,4890.478247262517,0.8166595924041061,0.963390595652844,0.2696806083020943,,0.0,1035.2220693543006
SYS_166,6,0.4322766188384477,10299.066424598486,0.7733334468051881,1.0,0.032447064871628226,319.00094368914915,3078.982726123604,5.37622495989811
SYS_166,4,0.6014865548528858,6880.641646050179,0.9105660479248738,1.0,1.0,1984.31990620695,1168.5836771449528,663.0611542674095
SYS_166,1,0.6856935395802071,10192.97815511218,0.24781620605049062,0.9241892692732641,0.7589659676110383,83.74068579815773,2471.566284658293,0.0
SYS_166,10,0.549127859653636,9792.818853634511,1.0,0.2807526628275158,0.15427694662658328,3252.424833974783,10045.523028318248,10000.458290501178
SYS_166,3,0.814698382699907,9978.268852332927,0.9861101845670459,0.9804308388261659,0.7148468023376895,,230.14611211994944,10359.34439033593
SYS_166,4,0.4624503658791142,5102.509324278156,0.009021018701265923,0.6952708713474267,0.9973437091432942,9816.15977261291,63.35208845055179,1329.1659166488957
SYS_167,1,0.7027638870365998,2407.9971760128306,0.9623058500074234,0.9742337205719116,,10015.162509004316,2956.8339587100336,
SYS_167,7,0.7623621625815602,8265.39175777784,0.4282886249921891,1.0,,211.15221548680216,10012.703248040767,
SYS_167,10,1.0,402.0910732145326,0.07890440043257009,1.0,,,9863.308648088305,
SYS_167,7,0.6682903880121287,4298.185253134281,0.9945115709677378,1.0,,9887.47083529743,,
SYS_167,9,1.0,4931.4542899879525,0.010455240102036207,0.6434192051931212,,2594.699905676654,9741.165308388752,
SYS_167,9,0.4534187978083944,5459.664112845431,0.9987335241219871,1.0,,10346.211240001889,4940.157801836245,
SYS_167,3,0.980960153106531,10304.212824440847,0.978911123835055,0.4522520629501362,,10071.872680741892,,
SYS_167,6,0.9788025702468869,8428.270205591316,0.9237843467173251,0.24079905837501495,,827.3175590713715,1556.6051013096676,
SYS_167,4,0.4230820834143475,7336.36487655442,1.0,1.0,,10346.147500505449,,
SYS_167,10,0.32854576538482033,9929.257827672405,0.9362374676535444,0.25794062515729177,,,3025.060476842019,
SYS_168,10,0.4597808351297416,117.37822637412954,0.7371921119274611,0.19012758407472202,0.9957282137504865,9871.382776754615,9924.129136024982,10180.91680058363
SYS_168,10,0.9914177448939419,199.22445102193095,0.9148582627697104,0.07334851350999513,1.0,,9919.565414455285,
SYS_168,2,0.5282969749166657,3720.1857216551152,1.0,0.9532635239173943,0.9786020118725755,82.76101075741252,3143.3934580646946,616.1669982307515
SYS_168,9,0.4806155946583638,5890.829862947447,1.0,0.0,0.9985063852264136,1632.832882433946,,9683.819968898508
SYS_168,4,0.7453691372868763,6633.478362183114,0.16953645767919695,0.5980056471927486,0.42267228527791517,9675.04483259422,707.7074087545001,2317.76771779987
SYS_168,5,0.2530369481225552,9748.697302785366,0.6438781685884207,0.0,1.0,,1068.2196803582806,2187.6716092939696
SYS_168,8,1.0,3371.9415989852687,0.0,0.9868428166776793,0.996751995541905,10077.998349061887,,11.603728850886284
SYS_168,7,0.9812203035962288,3629.7036610448295,0.9040481305523126,1.0,0.006789683027364915,1077.3227659652205,247.33282304844263,9844.510058777301
SYS_168,2,0.9913639123599858,4033.8737333620047,0.9782582227599259,1.0,1.0,,10497.148091572244,
SYS_168,10,0.5670146234076525,6744.906731514357,0.967804746786512,0.8368433423299726,1.0,337.9986509574926,365.4570126212383,10005.739894510032
SYS_169,7,0.8759581164871393,8040.928157695775,1.0,0.5897221732786709,1.0,0.0,10143.066884178892,10214.95000284309
SYS_169,8,0.671465256996108,1582.1642135645207,0.9602721360895217,0.580362238452835,0.9845515297941143,,10119.153002065847,
SYS_169,3,0.6370104486082678,2038.3482189353122,0.9982688442098219,0.5039233222010977,1.0,6607.489147438903,9927.553414307897,0.0
SYS_169,4,0.745045603071759,4536.01696526038,1.0,0.9829420166560304,0.9735944415701007,,,9990.745955352268
SYS_169,2,0.4461111814160749,9960.062363744977,0.9838243570308504,0.0,1.0,,9774.581731318622,0.0
SYS_169,5,0.5077076410208783,6934.835422930379,0.9733305510905602,0.0,0.729451912994749,0.0,10060.500552786887,10005.399226256553
SYS_169,7,0.591679779933633,16.019629703113083,0.15732774924235937,0.9894946074505491,0.12320255269172536,935.2406423513132,10465.74592949445,
SYS_169,7,0.5130543105132304,1638.8148320702924,0.9935096899600976,1.0,1.0,9913.753875168124,10059.11070738428,420.1220774547386
SYS_169,8,0.7803846450429689,51.90635606835547,0.009581914313219723,0.09042112037488323,0.0,9892.615919487615,3117.0421186831636,1326.6157518209454
SYS_169,4,0.653754973950597,6452.800837640293,0.977204290057558,1.0,0.980323698286768,,3015.4479732512314,
SYS_170,1,0.7765230271575961,2719.860667102617,1.0,0.6035344184224798,0.5738110905315442,,478.73004964805125,9921.409224605392
SYS_170,2,0.17882670846541981,3504.0737212564563,0.4044187732167024,1.0,0.03120626726213588,10246.979154631514,10004.066782636422,9992.798131262633
SYS_170,8,0.09480382439684398,2795.488992728635,0.9795579971626243,0.19358555698296495,0.14803000899917834,,1383.897432434759,9823.974919600114
SYS_170,5,0.8493489009173127,9959.513445214718,0.7812127530436955,0.9814214254195521,0.9286038465380271,1479.4977485339014,9847.833036495895,9781.373524383274
SYS_170,10,0.21114185460841575,10201.200104440451,0.5516182876919031,1.0,0.9967814471467648,1344.303740830337,751.3963334043516,1676.0113755094546
SYS_170,9,0.011558827885175548,10194.122597453486,0.514489218955214,1.0,0.9769172010722704,2936.4546368005626,10060.831861028859,10360.065903996458
SYS_170,7,1.0,9890.147734758795,1.0,0.36107588546139674,0.9357704154642246,3781.2426197344303,501.80692922766104,9606.119325960279
SYS_170,9,0.9804384954687594,10273.324181430527,0.8311611253833336,1.0,0.012749955976167519,5188.659161958724,9835.07488391098,2310.486659869717
SYS_170,2,0.9253283227042879,4174.904189651379,0.16085243826132276,0.7845569422092841,0.9852851303208255,,,10188.844624948544
SYS_170,9,1.0,3674.3572263937895,0.9767195371369183,0.09187272753173534,1.0,10183.2078561361,217.72390493909484,345.26626210271934
SYS_171,7,0.4265065270074752,1310.5716318260907,0.7915216115675372,0.07533690790017428,1.0,9897.685830047567,10087.9369228009,0.0
SYS_171,2,1.0,8728.543982371584,0.996592099081723,0.4851917090110026,1.0,400.4093317958251,9910.381466223227,9873.13093754015
SYS_171,1,0.09179334350943177,9549.324305097696,0.0,0.4649631540893933,0.9948632011684049,9799.09568542101,10204.422566127914,1117.941074522059
SYS_171,5,0.6305162538592557,2735.9910911060456,0.36111798554050234,1.0,0.20906926955469993,0.0,219.2573785278881,2823.306765560483
SYS_171,6,0.8785053208832946,9766.286556394625,0.01725597694955832,0.9944140825021507,0.9645213950777831,41.98048667315431,9940.541083772045,0.0
SYS_171,3,0.5143388248647301,10278.674072128291,0.9506810280967157,0.9930855736619155,0.9806955547256416,269.50446282513144,1090.5636960289314,0.0
SYS_171,4,0.6926551056683666,662.998956530028,0.9988359864801005,0.041721379619795974,0.0,1683.4516078238137,3658.058061077854,179.94627556569316
SYS_171,1,0.9997125694544133,1977.6470592658939,0.03958433844853303,1.0,0.9837334158567475,10195.452332090563,83.61210148807754,10119.591992674932
SYS_171,1,0.6825371282072346,9959.138392065863,0.3130298911060829,1.0,0.561936820294263,9987.997041307228,43.4273854903916,2548.5037042664553
SYS_171,4,1.0,9827.275742168857,0.6359896817206148,0.0,1.0,84.90663322713901,10420.536125053452,9767.15246645843
SYS_172,1,1.0,4131.767353773671,1.0,0.0,,10240.687191014355,10156.942374142498,
SYS_172,7,0.8552130924626503,422.1362426563966,0.9807071091975688,0.8927024996889714,,4814.019432763211,368.17051287072934,
SYS_172,4,1.0,6666.519565992215,1.0,0.043701910259671205,,5496.120224730244,2875.629735324021,
SYS_172,2,0.9933055154445586,9596.366636482906,0.9897679542021315,0.5802114554060167,,9961.272390830243,6760.35841002402,
SYS_172,2,0.6771305489278169,218.18644473255117,0.3649283284631511,1.0,,171.18519136012782,0.0,
SYS_172,9,0.9141149720507381,679.8903236952037,0.9953359047783734,0.6937406272999492,,1449.9389573961419,9986.691828968722,
SYS_172,4,0.7943409679155314,4251.308086855561,0.9814659904433183,0.11163740668897836,,2206.0714835070776,0.0,
SYS_172,2,0.5065613303064401,10177.921856008097,1.0,1.0,,876.6520781825906,0.0,
SYS_172,4,0.9653423085364703,10205.881467609128,1.0,0.032040698814280025,,9571.782201714776,29.630959755407417,
SYS_172,7,0.9834226647218915,6916.949088648023,0.3414842046373049,0.01618247070242794,,9902.963362560557,9957.756365406314,
SYS_173,3,1.0,6491.4043814911065,0.9991792563246651,0.9665831874583649,0.13300630423866464,10086.981403675685,9948.104243147636,10159.0773176073
SYS_173,3,0.05585787444118794,6760.610774644743,0.9869429195716052,0.0,0.03454828771974052,351.5388729633659,475.854713554439,9839.11583342985
SYS_173,1,0.3076779382129662,7846.507048562117,0.9591394130722539,0.8651117843480922,1.0,923.751164340144,6644.208654873794,1757.0083723360037
SYS_173,7,0.8203114237564201,1197.654688574453,0.9348962190783976,1.0,0.9863082591554716,10148.215818455468,9886.8493568233,1106.8389643919293
SYS_173,5,0.2971322452756166,4783.013569874665,0.0,0.45901849496235597,0.09518307862648759,505.7072296670067,0.0,467.28055880258495
SYS_173,3,0.5208370798064382,9834.797514695432,0.9828704759986728,0.99671404594174,0.9698816181132696,10104.145092941764,9620.49868856765,10098.363723658855
SYS_173,6,0.6542186396774056,9828.351173490213,1.0,0.6048854313569616,0.3046086552696668,4525.120284371345,1827.7068678877063,9570.965388684226
SYS_173,3,0.7465278142243398,7799.968386347641,0.19256665716654398,0.5451929328657016,0.4956391797280745,5311.194057859265,9692.139659013574,349.0759605610137
SYS_173,7,0.6210495830582108,5581.1709210846,0.0,0.5704331494601522,0.448091554943208,3143.0138460863304,582.9369332662484,67.06673585465441
SYS_173,7,0.34133077206733453,2926.4908561460356,1.0,0.7431857576479929,1.0,855.4269912268669,102.21850423030477,9746.186282887886
SYS_174,9,0.537115362898302,9968.23932065477,0.9849818923216356,0.03644156830500245,0.7209300800817889,10039.684163674954,2136.404153376241,3418.2056952197227
SYS_174,8,0.5555628686493717,9831.929097687545,0.9974000292592543,0.0018533521008082879,0.13152321149629392,,10322.019409845838,3664.8269430642613
SYS_174,7,0.9647399563646002,4229.045167203729,0.1380219272205681,0.00015784035547885324,0.995189515818019,85.87628496290704,9809.94338312479,9211.238020581435
SYS_174,10,0.1919163547874846,4822.07300948763,0.020951104443034173,1.0,0.08129857194715151,0.0,0.0,626.3753800152671
SYS_174,2,0.9552221145283728,3211.2982761858298,1.0,0.17928769940956985,0.9699018408942287,9484.953607289463,,1851.0260893180416
SYS_174,3,0.5409581136004318,10079.486816863367,1.0,0.0,1.0,,5287.576829600179,1391.9433219071805
SYS_174,5,0.698681514043427,6955.324904670923,0.9682556080184892,0.12806771274339515,0.40445276577507683,1436.901350344699,249.90517996789512,9932.417099769458
SYS_174,2,0.9427472588068236,4409.07251324883,0.0,0.14362711956054622,1.0,627.8142849210542,182.81307907106878,850.6617756592431
SYS_174,4,0.6978101540628397,4899.831604963185,0.3300233455085665,0.9639293402391726,0.0,9682.837189477386,,9622.38385242754
SYS_174,5,0.7470773910224485,8109.98464647045,0.704189290625831,0.005468078042010963,0.9312394875389883,9807.003893883897,334.9492365320873,600.7954426349204
SYS_175,7,1.0,551.6590303590946,1.0,1.0,0.6569567535228349,10091.654118522463,1081.4122410437337,10273.251246909955
SYS_175,7,0.9746596466431194,128.68224205727708,0.6945849239440008,1.0,0.0,9774.743555372705,10090.15760835014,10274.759687546535
SYS_175,6,0.19574583699789,10014.433520553694,0.9856605077261327,0.9733439377910309,1.0,9380.940075242423,10306.786112047968,250.1303149956681
SYS_175,8,0.7500777805525478,3851.6864811501805,0.0720390375284842,1.0,0.7289677931821045,10017.938856497034,9985.004259867852,
SYS_175,10,0.3723973508811847,9136.404247158323,0.20636957949184162,0.4186172601627855,0.7521574729348444,10061.967655706125,2627.450720181015,3347.466726146698
SYS_175,7,0.43616571338475224,782.11759827186,0.08107460227469875,0.9990057471428699,0.777974832327907,0.0,9961.165461166669,
SYS_175,8,0.32960502251615154,10037.17092359482,0.3477088011328296,0.006613170175546558,0.9930810936787923,1172.5675210661054,2507.5525502214286,0.0
SYS_175,10,1.0,9849.008814357405,0.7645818354492083,0.0,0.09515005841717804,10087.446414078331,9846.039252005727,2547.7911583204823
SYS_175,4,0.7629348625202355,1835.0684711889537,0.9876044839381747,0.7868716069129654,0.7146034699615293,,1288.6031749360584,9861.12315334734
SYS_175,10,0.47976914901307305,6866.694672017429,0.988585523295916,0.6317364482618774,1.0,9720.858735091213,10143.889552489954,10115.465650491406
SYS_176,7,0.5665744096450602,3366.694096499623,0.9870726942912488,0.36122762140792136,0.29864663924629936,10047.102981000251,929.6215508359041,344.5568129095486
SYS_176,6,0.1291479352979412,6772.475286766081,0.893493331165845,1.0,0.4802719534135625,0.0,9754.097983906051,404.06659730722896
SYS_176,9,0.7145045382610005,6907.7549914744,0.2817270414492567,0.9912831842160343,0.822075100968343,10027.167629627242,10277.91008326391,1048.4011617658036
SYS_176,7,0.8893991970726586,997.8412139564339,0.8961658625249074,0.9635351663455629,0.9745332900328814,263.82467408226637,3538.9620857311716,907.9203490782131
SYS_176,10,1.0,986.3789795768816,0.9798960897848066,0.9956855994507132,0.17658232306321459,61.356310307748195,9924.751241920552,10072.214751999614
SYS_176,1,0.09567000616096695,1246.437401296611,0.4027892677013029,1.0,1.0,10200.260626500623,0.0,858.2375747046071
SYS_176,9,0.27056548359869886,4443.0435278434325,0.7744384643359798,0.13858475557181377,1.0,1038.381028126919,283.3088026906548,744.2247709878807
SYS_176,9,0.6455693399902014,5174.0357092981,0.0,0.5834357428603554,0.5269611494721396,10199.036079808133,1218.8882603518844,9976.41257780572
SYS_176,9,0.8316969484538366,128.3838514126223,0.3417305190032642,0.7497680411275416,0.020836507252002104,98.3793372555769,4933.545483578649,10114.551602762887
SYS_176,10,0.8430335843209699,2525.218043491064,0.9689335257600564,0.14253375044452246,0.4624254136473065,10241.336267435618,10103.448364445654,446.75873605728134
SYS_177,9,0.9920890756237416,351.28869780161347,0.1742408750041314,0.9918411319800208,0.5740359423900521,10084.429740727282,9130.148085233695,10147.1494676411
SYS_177,10,0.9929567811063242,344.9571285407129,0.4556631541987204,1.0,0.9941091274802848,631.1302418782975,9909.818314190996,484.758468823504
SYS_177,6,0.7013695029673019,3973.606343095849,1.0,0.9621169888690086,0.05274145561691663,858.5656764922094,9756.971885234272,112.66451311578749
SYS_177,9,0.905696685567124,10004.552383885837,0.9175104241328826,0.023966067320036463,0.9940715895979196,587.0165405903028,236.77920655921156,1108.8736894214653
SYS_177,2,1.0,7160.5073176547385,1.0,0.5066639311573966,1.0,9580.876891051823,4995.631444617687,234.0182673330412
SYS_177,5,0.9426815128377127,4762.386976817202,0.0032896287826693093,0.16737692519875308,0.03316467417950227,10078.431989209797,10074.243880629585,10316.67556065509
SYS_177,7,0.08066923548649726,156.72930642984704,0.9983194434867545,0.02671110749846097,1.0,1718.0808400554686,1008.52756086906,990.9821178640541
SYS_177,9,0.8008371265377616,4186.274886041899,1.0,0.0841987222355881,0.9165544352164133,1177.0635075708108,0.0,1834.2290331946792
SYS_177,4,0.8461568723662117,7106.264295140875,1.0,0.9799542060008601,0.8482767446025762,168.6477665174257,,0.0
SYS_177,3,1.0,1190.603887362875,0.9959946824870503,1.0,0.6588520347690234,4993.314498717649,1001.1758836242918,9920.590653916519
SYS_178,1,0.7768566969257931,8573.391952163525,0.5126276882287876,0.765891781442768,0.15327236435946248,77.9424464820473,4911.577292915223,4657.897091056177
SYS_178,1,0.781290956375335,4392.194270875542,1.0,0.9780403682166001,0.745326288834584,9780.015910510529,9775.913489479575,3654.3901647494727
SYS_178,3,1.0,9842.103105754504,1.0,0.9474688494027735,0.964645225600009,9972.308818501802,692.2907473559807,
SYS_178,6,0.7342538059762501,5896.3514704107065,0.03518589533314018,0.9875065826100643,0.07529302322711522,1132.7069909158681,9712.214953632594,5212.3719631309195
SYS_178,7,0.7238073747613042,4142.505264766838,0.9937093179516567,0.7009801223983319,0.08292999863030309,588.946819480844,1515.9683118227524,10163.230283041916
SYS_178,3,0.1414280053624148,7126.638450590118,0.0,1.0,0.6815404464544702,10362.882605559735,81.8901049896879,5095.129260918628
SYS_178,6,0.9979512343272429,9872.806041880169,1.0,1.0,1.0,2818.974130064688,399.91679692807895,10180.113338202442
SYS_178,7,0.060791214543564745,4029.852487974185,1.0,0.9193517392669539,0.27559850776586076,9981.160543130101,595.1911793367647,670.9588078747777
SYS_178,7,0.6551149511160448,10002.972255650562,0.0,0.6560895909341823,0.983431759291992,10178.748442873642,9768.161366975855,9964.336340446715
SYS_178,9,0.3586404838160838,9787.291140715097,0.9797326799093112,0.8740263564299136,0.09896518530045142,353.49488515858854,2216.89038796928,1251.5149515905375
SYS_179,5,0.47004524973362816,474.01152007571307,0.9826562547722594,0.9839838587793959,1.0,133.24672313476958,1738.3209178998948,3256.0782303182714
SYS_179,1,0.3303699086782922,4203.279481868421,0.18791591452638262,0.3765835936065458,0.960185420213897,9719.577427595288,10036.49708710473,1365.9892511720284
SYS_179,4,0.4349240122670157,363.8359993982383,0.9821701409820744,1.0,0.04242765468176453,994.6428342296692,9985.672655527549,9965.10056889704
SYS_179,3,0.9919665363022413,1286.8245611640089,1.0,0.9007128150648065,0.5056502190154213,442.7605781115948,10102.503600406777,377.94134957092723
SYS_179,6,0.553133858861461,10164.12146962544,1.0,0.09571197889991585,0.6628688373002432,9949.219290605619,1324.1869755214266,1155.0022211099963
SYS_179,1,0.9826273728763328,532.9587515247173,0.9635436558205766,0.0,1.0,9822.62636827003,0.0,26.793372177802816
SYS_179,10,0.8648247133523792,175.4228981560052,0.030999075206953015,0.9710887873653097,1.0,10026.715231831155,9953.081906135474,2975.139890565876
SYS_179,6,0.5843738819510449,3808.2734644595407,0.5869498969199874,0.03961631664850171,0.9479806446197148,10045.843890006976,10025.41995562415,23.157933925969047
SYS_179,8,0.6561291345420811,3805.2214917639467,0.6208343490540366,0.4428912931440307,1.0,0.0,10128.03037278089,10137.581513967158
SYS_179,10,0.5158457537106133,7170.09539742487,1.0,0.09410125395787539,1.0,9886.257254909866,357.75409354968144,10162.056074733022
SYS_180,7,0.9235818897848701,10190.170490302413,0.9072252756232222,0.9876395142255415,1.0,469.7140481132264,10036.150479542619,9932.762828337214
SYS_180,3,0.3819514603017785,1288.7399762655698,0.030536581195289906,0.9113780143630036,0.7597576758358416,4581.134925259195,1859.0918814946756,125.91675470134876
SYS_180,4,0.034736941134895456,4809.646682460257,0.04264968016810328,0.9961388730943108,0.9667903624728864,9867.56956545212,9867.82789040185,6988.996275639224
SYS_180,3,1.0,5366.145783117751,0.9917857352119684,0.6486523648844965,0.280826004881044,3440.3952789589894,9738.225310144207,10055.92395832857
SYS_180,4,0.8593918585774979,7082.73356933148,0.679494035598957,0.6562551558194181,0.9804558197500466,280.158714643233,10130.196807306096,10302.948575218352
SYS_180,7,0.9888462616738765,4802.619732429472,0.9699010321221175,0.8894141436849669,0.9881139118263488,9895.376256162646,9864.6674089627,348.10197929012
SYS_180,9,0.5885396298535391,380.4427000838741,0.06833482719621892,0.05096904158365367,0.6399876321746356,0.0,19.537449131963633,9868.27141456567
SYS_180,8,0.697993498869578,4069.7605817254016,0.982287024131665,0.9878072507605637,0.3386350170867313,4772.859737712008,10052.233271727213,10437.782290393532
SYS_180,9,0.8760655452930645,4522.380893441877,0.8477609345250116,1.0,1.0,9971.113433381364,7890.864352237961,0.0
SYS_180,5,0.7867053562355711,3856.904818671224,0.7751394175227744,1.0,0.8942299350534572,800.8134130200807,433.7671716378872,9776.636075207454
SYS_181,4,0.8831473864066052,23.98379042499917,0.9685807483734967,0.5131357762574893,0.9800360980633207,648.0451885222914,29.842972570084243,4695.585244023757
SYS_181,2,0.3351455896378455,5080.276752330992,0.10317123198781358,0.9940150202966958,1.0,9707.777837276504,1207.6415904445432,0.0
SYS_181,4,0.9150560565027045,9815.752537831377,1.0,0.9915791262274917,1.0,10155.052728777167,4926.270313190242,10073.37804499088
SYS_181,3,0.7782492881649833,9989.283853066214,1.0,0.9832507989299258,0.9656313557855845,9833.61884977865,9981.017481765397,1290.060750500574
SYS_181,9,0.42000375855127225,8293.609952873803,0.22558837327803805,0.984457010560561,1.0,9998.935050508917,5239.410233323576,9861.047108199084
SYS_181,6,0.9788451410630059,8012.014288929237,0.0003511717794518786,0.5123421244797393,0.9529059098105986,7.562656035256168,462.83857711653036,34.025536908143465
SYS_181,2,0.43277650244905275,9851.984834976398,0.9915122117477169,0.26206396860910225,0.8835872063708304,619.4763624490713,4444.591762743345,9761.206833149925
SYS_181,10,0.32236992097771894,914.636914395289,0.45381071338741596,0.9956031882510908,0.9879927928709125,9751.353921834238,9967.283024670598,138.35395028741053
SYS_181,10,0.779469331623074,3513.2647346167355,0.6193863856188963,0.4863069811826109,0.6453591946192747,740.7575289329266,394.7359139761161,10223.243875690912
SYS_181,2,0.41611453758790473,0.0,0.9888694316487666,1.0,1.0,909.7470351449681,59.30897122154386,7946.4805415366145
SYS_182,10,0.9982530367151488,1120.5970557977562,0.9882855323281274,0.6965934873269092,0.7412970649314408,9711.983443090476,957.3334946035278,10410.073077035498
SYS_182,4,0.641742995624169,192.79919155077576,0.986076014580251,0.979015571299419,0.008541563742946226,10064.337917695206,10145.915394405438,521.8958749254379
SYS_182,2,0.989091770077568,10059.208008669948,1.0,0.9875969480068755,0.9983630490547775,10275.052834122715,10047.278416527863,0.0
SYS_182,6,0.7461198221912637,3878.41628553939,0.741772946234075,0.9850743849911553,0.8715190359502896,1192.4428424824418,9918.090392541746,7273.174906247914
SYS_182,4,0.29756814325348613,2167.857056197039,0.9821147365617053,0.9820469083803903,1.0,3161.2803630742956,2500.0009109394196,10166.24447272454
SYS_182,6,0.6750251309542749,6935.972309365091,0.2710882784072416,0.7466519091825515,0.9746029313819387,10639.359206077781,9997.781222768588,
SYS_182,6,1.0,2358.9609057600724,0.9969830062053643,0.9704739374141407,0.20263076556793266,1689.7737116693602,10144.569438825516,1960.8358256459449
SYS_182,7,0.6968215367576535,9471.758591050317,0.6893442783382308,1.0,0.9921289882309561,3799.270806104963,366.87363893025395,2016.5637377154796
SYS_182,4,0.4012756536627366,7498.829972441568,0.8452858189204084,0.5075625627748195,0.8238347139630823,10045.06344771776,828.0559418927937,10424.424998554861
SYS_182,3,0.9931269628087016,10031.36789803075,0.9969072776885437,1.0,0.5318505471988706,10138.306333683966,10387.290652135704,143.67180806726589
SYS_183,7,0.9833592243753145,7433.836585177587,1.0,1.0,0.9824573891397184,,9936.635396418615,10500.807125626176
SYS_183,3,0.9165136296526256,311.2061248535558,0.10091594760413512,0.26788007864518754,0.9285200017406786,,219.8547242606852,
SYS_183,4,0.8386261746072681,1227.8424273687967,0.9912102883197164,1.0,0.01684379725005563,,774.627264552768,96.24594316276426
SYS_183,10,1.0,158.26917165142672,1.0,0.23915713736044697,1.0,,0.0,363.37003616078124
SYS_183,5,0.6474393197994127,5228.394606202131,0.5057177524777178,0.9699888000780751,1.0,10129.96648804141,1504.040560861887,2928.977933127927
SYS_183,2,0.9535755269866574,6045.9401417879835,0.5302248466295754,0.1135777004927421,1.0,10108.75106315583,9927.287499994954,352.39045089664825
SYS_183,4,0.7244505290390293,1105.2959146547955,0.011305910499051454,0.9363405324701589,0.39422431519614703,,,1086.2515327034828
SYS_183,9,1.0,4283.641779999272,0.024148360277334874,0.7442672345572127,1.0,10211.895177440712,10115.145327578113,1040.409169350135
SYS_183,1,0.03819715966334353,1564.6747827368,1.0,1.0,0.35101428690824166,,18.281676947986263,
SYS_183,3,0.996725396597271,4164.141328488455,1.0,0.9966597498123368,0.05143890362853915,,2708.3558004706747,494.27773433788417
SYS_184,4,0.2562692175223775,3639.3338496721476,1.0,0.03819429799681369,1.0,5155.341072912971,290.1795763055095,231.2592876241876
SYS_184,2,0.579252716811353,5802.483959889581,1.0,1.0,0.9973682517724761,9814.176410336539,10000.436292700022,9582.243593857514
SYS_184,5,0.6993317288760872,5108.9835261656,0.9871581899866404,1.0,1.0,10462.177699413141,10061.469792830292,10104.870696701064
SYS_184,8,0.8640051035767677,9936.061396247029,1.0,1.0,0.14357493874866847,10431.666360074976,10683.504942432432,10163.126811964838
SYS_184,10,0.2980086787599946,2058.309895434153,0.9076280790575327,0.9734078536282286,0.0,10175.606551980309,868.2339084592894,9948.292140211204
SYS_184,1,0.7230048279965546,4525.355709682948,0.2658364793248071,0.03526138017384334,0.9798266888390958,10008.484013696987,9847.120091015258,1371.2960016541535
SYS_184,1,0.47742714881456894,1365.7654091837614,0.2314472690594107,1.0,1.0,163.12219604509326,10105.66875316216,9893.714162994196
SYS_184,8,0.9867708263991092,10039.473765406696,1.0,1.0,1.0,9929.016678056967,832.7108018704706,478.9390929557871
SYS_184,4,0.6314242870819499,4365.474241557838,0.9869352183326686,1.1978031779876755e-06,0.0,9957.382472430792,113.27010709703237,273.70411039857873
SYS_184,4,1.0,5693.423141679164,0.09583200917670133,0.0028818921601178474,0.9861909256231909,5270.561171523604,10034.474285306833,10305.38997020079
SYS_185,4,0.1539420536979526,6985.181496724072,0.07788057487990765,1.0,1.0,10335.500706940524,,0.0
SYS_185,4,0.32408779489426714,7250.832053329687,0.4311975157796568,0.4180302772708911,0.9974769863602774,548.1493587945251,,4842.580951120527
SYS_185,3,0.989096347494791,282.25377396836166,0.9729458775883735,0.6264726625492325,0.503010899587831,0.0,6475.651974089622,
SYS_185,8,0.9830828609443131,5108.114195304842,0.01521624142630855,1.0,1.0,10195.124293165887,308.1925524026518,
SYS_185,9,0.4730978000216415,7143.236559521188,0.003952781966015136,0.9536594481112712,1.0,4993.308620392632,9974.272416165797,
SYS_185,8,0.7237223385289832,6382.3968186787015,0.002919473424367443,0.05865303288864844,0.3864054908537269,47.193710151409725,0.0,9650.763298070773
SYS_185,4,0.30278388690837355,4197.410151197874,1.0,0.9972511639902949,0.7855682245860177,10108.052423403391,10094.29755326715,10404.17292690648
SYS_185,10,0.7795891284273743,3984.1731076562032,0.9926629280981866,0.0028340628063478297,1.0,9617.904790866905,9857.360876949646,1178.949090329901
SYS_185,6,0.5725633523156263,6820.099629127827,0.3865655817806198,1.0,0.0,9997.53368704629,204.4735010065477,443.69689321068927
SYS_185,2,0.6658279238377334,3698.9388559283507,0.22192346473553595,0.9967892485014405,0.0892120721776813,10017.42575172501,,9985.811423797877
SYS_186,1,0.7033646148733882,2913.1628794609205,1.0,1.0,0.03867882638423216,10017.637933150145,10093.166832266652,3467.678849474151
SYS_186,10,0.6397931089873182,10216.051627562205,1.0,0.31596701974750585,0.9998793854702422,0.0,10586.616323950362,1097.79969329496
SYS_186,6,0.532969138485038,10150.81626629726,0.8412239935824809,0.9982952980616379,1.0,629.6502012702185,,10227.835342053664
SYS_186,5,0.4796593715229122,6682.9993829493515,0.18911803049193457,1.0,0.9732032559831586,10232.357820300917,1168.2345789427816,7752.802655323949
SYS_186,6,0.619153364106119,4020.4526166627697,0.28688900431670017,0.6981285580465196,0.5784993504763338,10089.30488008456,321.7464684683667,306.9081444540103
SYS_186,7,0.7327784035985759,425.9091469782598,0.9940976925910257,1.0,1.0,241.97420376751433,9886.020085561766,9858.926658829787
SYS_186,3,1.0,6611.367991123188,0.9692083171854539,0.7573518689673742,1.0,1290.9839329932033,4239.497581409006,1553.2744481319157
SYS_186,9,0.8161479088735155,4254.001044816328,0.9857886026774205,1.0,0.49650913899913646,1067.2927513919194,885.3286159667191,703.657710447716
SYS_186,8,0.9957211663774314,3554.8783602825665,0.9760870612499384,0.9739627270843776,0.4316298906428101,10169.574368124684,10025.00821058212,9899.494260232224
SYS_186,6,0.05778516599535227,9757.618626547093,0.0464717665997026,0.23475073209365993,0.9765479241395627,8233.33624094632,9738.028608490344,471.7970214828137
SYS_187,3,0.9860743481987341,1676.0844334153167,0.993036384845595,0.9746630984169574,0.9827348365924904,462.8537158090023,1423.9082955473211,1287.6993926744558
SYS_187,5,0.985820598057533,2410.9464405797676,0.9986530668044691,0.4126628624974533,0.9988475489688879,10084.792482236642,3551.065248054948,9662.839303508961
SYS_187,10,1.0,501.02423070491255,0.34164573634993084,0.6462550709206042,0.857667554996571,10131.799533794607,12.851604795480085,4828.306034121148
SYS_187,4,0.9857110568207005,4600.794307810145,0.8930736348393953,0.9850825780482839,1.0,10110.875290463002,2407.8684651655362,9992.592284780594
SYS_187,1,0.9817666592123913,9947.321888340493,1.0,0.08002240315101634,0.308927061962316,9767.96939381453,10326.342282561523,10344.155839588244
SYS_187,9,0.9936186277773671,9876.041291664707,0.9828658026433714,0.9868291987074662,0.8455205737198819,932.8367193033529,4846.705967963156,932.2181903030582
SYS_187,8,0.829625154809316,1137.0334649388076,1.0,0.9855282377803665,1.0,259.56153934517994,7.96171332528931,9999.21201817177
SYS_187,1,0.8098807923497127,5120.5509174463195,1.0,0.018016122441993708,0.05830581706594792,10209.900204742891,181.8538892006955,10088.45136373228
SYS_187,4,0.6829157811753945,1166.8815920234797,1.0,1.0,0.9969223509876707,10051.105004479845,9933.849090397425,9977.68341732423
SYS_187,5,0.008302720923369923,9958.428152478356,1.0,0.9797832380634487,0.9455752391555576,9954.674666965548,10094.734514123193,686.8378067805191
SYS_188,2,0.027081342435851148,10080.13710679349,0.9757397618338689,1.0,0.6534919411539224,360.84623824838906,9887.14431614644,832.5075785259961
SYS_188,5,0.5144284909397606,3434.081834504066,0.9852269467675817,1.0,1.0,9565.364653422037,1206.0198976952308,10281.156295045237
SYS_188,7,0.9639102640563987,9715.941887834058,1.0,0.5662842331032231,0.09422520404419643,1167.566194353072,463.48828406849714,9702.01600746472
SYS_188,3,0.6343501835560389,1883.595590881092,0.6201951054173875,0.9983859989919829,1.0,665.9694172724766,9691.089414184764,14.97362819974117
SYS_188,10,0.8868223054001287,3417.4142308825617,0.0,0.007562781481109355,1.0,962.0573905386033,9902.083255711881,10060.367098046083
SYS_188,5,0.7710979133902555,9774.0878532484,0.9968924980496161,1.0,0.5089893789525248,6118.793396769612,2381.939085941171,
SYS_188,1,0.6153506639035758,4195.417543336892,0.8919351871766752,0.9670620629903577,0.9903219588070905,904.5807115878409,9816.199025414093,10108.503089500442
SYS_188,6,0.8368995892019052,485.59968682288485,0.7710855952593034,1.0,0.2537608155346804,56.045792702081066,922.7584153223579,997.7370476133391
SYS_188,1,0.0,9763.775937524273,0.9344300776217002,0.5892518267462623,0.6374629973797424,10224.326630468335,1752.2288460094394,2080.049851939786
SYS_188,5,1.0,1038.0129068134836,1.0,0.48441644187348554,0.8875409083595492,90.87701279902744,139.24111709278088,9992.728093810476
SYS_189,9,0.0,10365.372285898267,1.0,0.9871218512541367,0.9529700191194009,195.58480614104843,,1470.8681157418155
SYS_189,5,0.65214000558908,3203.26678681772,0.5621149196329245,0.7394968311752095,0.9933121818973335,10057.773687457056,,847.2910621737252
SYS_189,3,1.0,8268.656953605816,0.5784244424116654,0.9959780911017024,0.04179909006525581,10074.04021463148,1066.0228321721117,1080.3044644929264
SYS_189,5,0.9958620164209551,7084.784687412243,0.08639536514190055,1.0,0.9890941263348687,2186.8681158710324,,695.5146014774373
SYS_189,2,0.8573468220895062,7381.571648504157,0.9892031773430159,0.2148681604096523,0.027977518151447573,9643.855068533237,10065.695668456141,9647.34232275735
SYS_189,8,0.9989374980483978,7056.167269850421,0.9964229967473562,0.5176364691336269,0.4448621200972976,4585.007376217088,218.33157687707248,10337.211480511536
SYS_189,1,0.974081053012134,9909.03776120875,0.03642749007332703,0.23633356710689063,0.6270100679697298,10043.407460457525,,10331.078188832495
SYS_189,9,0.869026381737715,2971.849469435424,1.0,0.7996417585039712,0.9856521501905872,183.9199596507691,9952.849780870376,10057.839424850856
SYS_189,8,0.02195048982282469,3255.128783594245,0.9950482865102603,0.9857080056287965,0.9859457342799666,4082.7661498268526,,9644.319051904997
SYS_189,3,0.3200661055244485,10017.665597060088,1.0,0.03823998265738153,0.0017239984752877265,9882.76679346243,,113.33180483772708
SYS_190,2,0.6768780050355657,8090.800882958675,0.9738798068491014,0.03488926879858383,0.017137427452303552,10335.446159641726,9922.951906958038,
SYS_190,1,1.0,1256.2209100576304,0.7882203577081991,0.2030756342634883,0.996611350101748,138.78055721012223,1493.7022517593311,653.0542690647956
SYS_190,9,1.0,9844.296282455842,0.9848455113001867,0.0,1.0,10534.504554786827,1932.0579941953424,
SYS_190,5,0.48977689701873034,10184.05202084531,0.3282778448601015,0.9754556013139969,0.013143292317699616,10115.820992163395,,10219.101139511753
SYS_190,2,0.008433722080436815,3847.373005377983,0.0,0.035947455265667436,0.6801019747610579,9936.4948258406,497.40152872536885,9610.750354682155
SYS_190,8,0.978881814129272,10068.014365487916,0.10437545527868523,1.0,0.9935441693449243,489.5047181259272,,0.0
SYS_190,3,0.6205895374003491,6489.531345176789,0.9832297108782591,0.7032668549698216,0.9901784723874716,1233.8828516562587,10063.261842296708,
SYS_190,6,0.5571241794253583,10022.533833857695,0.9378174728619137,0.29875253603826374,0.9730979886661985,689.2249597053228,9809.136477303953,721.9974995600994
SYS_190,7,0.7723045536793232,3053.004075880186,1.0,0.6075795273384572,0.12070444466832124,9743.98417284293,,5325.177215053379
SYS_190,10,0.3587652019471532,1173.1758612674587,0.1456041391206889,1.0,0.9904415454496392,9605.10121991305,2465.5516432906943,1920.655516695872
SYS_191,3,0.1428006084495548,1182.151335866074,0.9278357968738327,1.0,0.5580327960438223,154.85711826297273,709.4250786046867,5242.511242638533
SYS_191,10,1.0,7451.395577054272,1.0,1.0,0.9955213944181235,10183.221107485142,,9850.097881527507
SYS_191,7,0.8703211391268773,8169.663056144338,0.21629202164504158,0.9446155216374809,0.9798449096677768,162.68298460789464,9921.198415323614,10211.743267641026
SYS_191,1,0.6034554840460211,10548.1415474595,0.9097100940639384,0.0,0.20739830818478122,5087.435983989957,,5061.906500944137
SYS_191,5,1.0,0.0,1.0,0.9282407505267458,0.20025629804259468,220.53208460697294,10061.052215365084,1760.521213978709
SYS_191,8,0.5122310500357954,10199.660865626422,1.0,0.4050307911975223,0.6328184669725353,2965.431500933676,457.0898982157402,
SYS_191,4,0.4253874227141315,9737.374865745916,0.9898457481327252,0.6583944214943925,0.9803395068690851,2194.993382305436,9739.358298165855,
SYS_191,7,0.4654018896702383,6044.870284735244,0.8636472084180983,0.9927827974375608,1.0,5258.695938384258,189.82345286982078,1299.7137860741414
SYS_191,6,0.060245882399953765,4853.499469465485,1.0,0.041443025464326516,0.9733222052648071,1369.087403741739,3577.0799620674084,929.7686889384842
SYS_191,6,0.9972259604586595,8375.751124027609,0.9790554505207559,0.5238937509044843,0.8858200970455004,1670.7998452597924,,9724.658414519952
SYS_192,5,0.2609654831085792,3600.257219503695,0.9818854672711003,0.0,1.0,779.8039114933224,9891.534355968071,10158.522182545374
SYS_192,2,0.6945653127200377,7156.725806882585,1.0,1.0,0.9969321484091083,10122.06543654762,10000.200614970396,187.48543894360375
SYS_192,10,0.3073517925291369,6808.0340355153285,0.0,0.9514265983043971,0.047345575147663056,2106.1807274171006,9545.532181055305,1116.3454182617315
SYS_192,1,1.0,5498.660418853773,0.9721263915965528,1.0,0.9562481817628262,0.0,0.0,198.01865443902423
SYS_192,4,0.7804504149988268,7386.006338309873,0.8429123761483063,0.9978374356378384,0.4644139988564598,10079.197886545417,2551.9343560356865,7129.276990094671
SYS_192,6,0.6173937555901918,7260.602820376426,0.9789066756571213,0.9912545721299145,0.03791909526398029,4790.619314001547,1789.9199478332341,1262.9018772336005
SYS_192,3,0.2944407322075534,3752.793168304452,0.9961743899114773,0.9941416732963497,1.0,10111.315995575962,9868.33631160672,2075.8469242337064
SYS_192,1,0.9598133801851361,915.508535492105,0.9881159090094489,0.8014562987576946,0.9963080734775931,471.3783330567215,621.4746222249676,10240.480306657662
SYS_192,2,0.9933414458428833,10009.22912475587,0.4462896210730128,1.0,0.925309606331425,2782.2172618807467,108.96278889937939,0.0
SYS_192,9,0.5286746974572405,6820.755127852804,0.983030592710886,1.0,1.0,,9720.238484583831,861.9617912898871
SYS_193,7,0.9376517302842619,3732.4192468293086,0.02570181855908886,0.48810044726594354,0.26859767272207224,10138.47418133684,,28.903037423256706
SYS_193,5,0.5790495768614687,6720.7421374075575,0.0021258966269767777,0.7084201566615237,1.0,10249.915018221829,10282.799105868768,
SYS_193,2,0.017794272186681302,5771.605738104514,1.0,0.0,1.0,2443.918681187276,8464.723464625069,9765.715981695625
SYS_193,6,0.8681709955312795,6200.479892477712,0.0,0.4753019500035473,1.0,9706.835960780041,10072.15670962197,
SYS_193,7,0.16722881572402762,475.1779889444031,1.0,0.013292798568594435,1.0,2317.5479396089304,,10344.48211790068
SYS_193,2,0.20319819721186208,8277.421972259159,0.4594636558077252,0.9634324809691628,0.2871789876839447,,3119.175415913299,2114.6573906218828
SYS_193,5,0.7234230257346118,6023.044327519752,0.0,0.9625835426119952,0.971102632650016,10181.686173395168,9701.766310873765,409.34594983626624
SYS_193,2,0.9146226433200254,9983.912120833143,0.9806289356242032,0.0,0.982520377843406,218.47812626998396,5206.388621472135,10376.027583774314
SYS_193,3,0.6752207839861041,4257.855293438815,1.0,0.4554316481153803,0.23167792175390278,,1976.2593124145417,1436.5297041134017
SYS_193,8,0.015683692169425233,6590.386249241458,1.0,0.0,0.5234452518329977,,10379.136939759468,1283.3831083338969
SYS_194,2,0.27586369336318817,4207.690023240659,1.0,1.0,0.9792973107205738,3141.843209975562,14.927414392987032,9773.493705350713
SYS_194,6,0.0,8405.642990756676,0.11695730907775977,0.7396216858947524,1.0,2831.050662283603,9657.34080169997,9635.19607175779
SYS_194,8,0.8677228336710011,0.0,1.0,0.09090849818915098,0.0,10447.7890691909,9894.615605946332,9980.964208642008
SYS_194,8,0.9519030231918568,5429.559206884483,0.9814713246707363,1.0,0.9956935183978066,9973.403467566208,2401.722822198974,1723.82821970062
SYS_194,10,0.9742368712115819,1217.7220911139502,1.0,0.2534938041729846,1.0,155.71693440765955,528.2145398422016,166.2737248099797
SYS_194,2,0.06623140134494905,803.7828548172217,0.09067360508709776,0.02205449405984313,0.6065222271631749,9766.463600328885,10121.692474318792,9554.404866997756
SYS_194,6,0.6710051092366262,73.64398733294371,1.0,0.8972488949913827,0.9977904120891579,751.1337979375905,4953.952853686941,0.0
SYS_194,8,1.0,9903.920793882471,1.0,0.9983618133672015,1.0,1274.407371749048,2946.811321663554,10057.197503164562
SYS_194,7,0.7012278698920579,7602.779604925722,0.9373394300750126,0.6676479175149334,1.0,8118.682022811492,10599.64899331086,2564.301482223814
SYS_194,8,0.9863497991243901,6942.982403726864,0.7404522710105678,1.0,0.992125455111392,9035.286342471287,10100.64316989687,0.0
SYS_195,5,0.6824045136405643,9931.005879219934,1.0,0.9099730060691363,0.0,5076.734128473008,640.041720846126,1322.3310425692002
SYS_195,6,0.4257855175022733,212.9732887138883,0.9804691149634881,0.0,1.0,0.0,10216.378264789242,3508.1205052844866
SYS_195,1,0.4647990262761168,8216.016328715885,0.9364830724691385,1.0,1.0,9963.264272702889,9720.26345439891,
SYS_195,4,0.7211263567628601,2895.8976514359515,0.5860751449963176,0.05218816640871668,0.0,,9806.804022215269,3720.814397403087
SYS_195,8,0.6214847566005313,6889.408582255645,0.5377394345183133,1.0,0.9319418601337769,9790.94313663045,9946.059632398028,9996.76824975923
SYS_195,5,0.9848499332121913,2642.9647943605837,1.0,1.0,1.0,,3877.7987098074923,
SYS_195,6,0.10949616018411293,10010.390186447785,0.24068940002374073,0.5028283570802982,1.0,10041.12389719546,9714.812646125562,9709.885942074845
SYS_195,5,0.9570296236579453,4452.165900254584,0.1258453677766987,0.3719971990310318,0.34321276709482024,0.0,3208.53530247607,290.3091498817256
SYS_195,9,0.7155783992737194,7968.61741950439,0.3633529183557884,0.9961225703177466,0.04018135936075626,9093.232597483935,3104.1149386915154,9556.547360419501
SYS_195,4,1.0,10130.216638861582,0.825660768694684,1.0,0.9687576879536837,9938.890126794446,9654.101243902887,3253.061815997881
SYS_196,9,0.6875818445522325,858.0035774132579,0.24823822601550347,0.9783046016253016,1.0,10039.675246539262,972.6301610468893,236.73523696529048
SYS_196,3,0.7608747712433463,229.51385258484436,0.7701812654844274,0.9881276943344158,0.004053308107173388,9637.750848798552,10119.134923764297,
SYS_196,4,0.06647206914053058,6142.49737307267,0.6397218175036675,0.7089704220636466,0.9193555256244901,811.3201011811601,9674.119823161369,10134.120542438002
SYS_196,7,0.987546564233619,4543.238659790113,0.5583787703960499,0.019510825679589533,1.0,9934.502486177911,360.0757629014519,1416.2938512656385
SYS_196,10,0.5381749084194519,10374.406125982867,0.4860242227773005,1.0,1.0,1227.6006071706306,10102.831412627023,9846.388141122787
SYS_196,10,0.5982161935709647,3545.8340049433573,0.15722524268482074,0.03775155957551685,0.16682469726527327,2329.997895180479,10076.019022603712,9948.795502413363
SYS_196,8,0.8871786936246573,7216.653162630672,1.0,0.9678362710536449,0.0,0.0,168.04895294027563,0.0
SYS_196,6,0.5413502791359109,0.0,1.0,1.0,0.9945726733920216,9914.461136335964,1226.6792316214423,9978.012426971038
SYS_196,10,1.0,4517.264864206725,0.6514868635277786,0.5471174158825024,0.3212197031555795,10301.56981661458,9857.259045847171,9981.778937493573
SYS_196,6,0.22735971084721746,1123.3610510765538,0.5346130200741644,0.4848555922086509,0.9805737570103401,1752.2676174774856,10079.500904105456,3128.109913981291
SYS_197,9,0.9801238726477742,455.06901012346543,0.9488353903577892,1.0,0.02113745123284056,4528.474291872735,4681.828787746054,248.73585806419655
SYS_197,8,1.0,474.38303149631145,1.0,0.08381367512979554,1.0,0.0,10041.46891403021,253.3940787692689
SYS_197,3,0.7114221521605649,13.37273583458672,1.0,0.9757878213785846,1.0,0.0,2222.51223766135,9625.274350968899
SYS_197,4,0.5899765912724693,5719.777506222833,0.9666652065294236,0.9675709870097804,0.04142908756765508,701.9882564911703,1085.8475946302378,923.2535811328297
SYS_197,5,0.9721519858533912,0.0,0.42128694526404714,0.7961502502203885,0.8398456639683037,943.621753456932,2048.915310490531,10027.262051097196
SYS_197,10,0.7510354223825958,9663.017991561555,0.03213765393175454,0.9126313654597488,1.0,1255.8162668924642,694.8903984258129,685.7655553513756
SYS_197,10,1.0,1612.5166485765205,0.9730008424283091,1.0,0.7860724483639471,4719.809743235332,75.7338962295674,0.0
SYS_197,8,0.9483551759800098,6723.525441132185,0.9827049849440246,1.0,0.9642962559080717,9850.374528536413,3765.6835694905603,4712.358138230875
SYS_197,8,0.9434959552352522,364.1974583212323,0.9419884995544051,0.9953469217733897,1.0,876.4685966547838,0.0,0.0
SYS_197,10,0.5394495756546444,1973.743792086809,0.9824033279351444,0.37012177385334755,0.0269832328531705,8588.782014084552,1952.852869324485,0.8143043542967945
SYS_198,7,0.6818806590983986,6893.1459951666975,1.0,1.0,0.9558556652170882,10046.270412617974,10614.493792422452,2940.2963182177896
SYS_198,7,0.6583238432322597,7167.206138943905,0.861625288500287,1.0,0.988915449879965,10322.150902121966,1020.3557839158126,10241.424468435227
SYS_198,3,0.6034221423934328,1820.3519558001205,0.6507974997356559,0.4028778846126153,0.5542293848656513,1791.6556807679303,3272.517402062271,1561.357722908619
SYS_198,7,0.43254727965042206,4255.224779593153,0.19436873351003117,1.0,0.935545810253615,10184.63208222569,10133.671507228355,9882.910893152373
SYS_198,7,0.8984310242627702,6365.547488122288,1.0,0.956299270259914,0.7591297798650318,3602.6056330679853,10045.136719814502,862.08228193839
SYS_198,2,0.6524482441607841,5131.163337238867,0.9913889639868372,1.0,0.9308450064294511,253.78478075040246,5176.721060967431,10098.118556881742
SYS_198,2,0.8177755630340133,7428.43344389669,0.9804258229966953,0.5622752870014676,0.0,10102.373612310717,9859.483654016596,529.8645681660321
SYS_198,6,0.5439684934157737,1776.6337589673858,0.0,0.20502603571692474,1.0,2828.8243966783425,10103.373912458044,0.0
SYS_198,7,0.07720175347721381,3769.7938632726705,1.0,0.156788680978477,1.0,10050.530240220942,10258.613020487279,9708.414817576837
SYS_198,6,0.7698712952535768,716.6863641958832,1.0,0.07848727903084635,0.9809370746827638,10172.482350881111,10153.665704085159,10130.80198712567
SYS_199,2,1.0,6998.904329589504,0.6641816873591777,0.14787377376871746,0.961132082798587,9611.072679656225,304.86182964989575,10196.001397509419
SYS_199,8,0.9752548825838926,158.96920221190132,0.999695139691355,0.5843366914613355,0.9911836577277254,,10040.117973480681,9634.982640487877
SYS_199,5,0.994320496267307,1023.0179318062836,0.5022859606462361,0.0,0.8001819526313849,10130.918454917544,3348.4234430865713,1974.8091430013221
SYS_199,7,0.5818147808954072,4242.122058984266,0.8400149163609127,0.8756539493240738,0.35791415136810056,2353.4011449272602,4949.25066443279,10136.475509398451
SYS_199,4,0.9191887095679137,1636.381822691788,0.09205163314233095,1.0,1.0,9709.23628553245,2995.2653585851417,9376.713089827395
SYS_199,3,0.6928626008865607,743.534095259144,1.0,0.031588784477323203,0.9914053136161479,4758.576963976919,558.246029686181,1588.9531168750966
SYS_199,6,0.6582444033033386,6995.669801638539,1.0,0.04208989354342718,1.0,10132.423623687213,3192.3121636881997,530.3010342777116
SYS_199,7,0.8250235031318068,6230.414138704305,0.9765569516861884,0.024549795027324503,1.0,781.1323051404427,9740.940459453179,1029.3718518104229
SYS_199,8,0.2578974020813531,10116.992821784903,0.0030050291342851353,1.0,0.06696608254901762,1243.7855487323984,2027.4811911267077,259.3938681797953
SYS_199,5,0.7397788777339981,4789.548938591769,0.06809977597188137,0.31536611912764245,0.973581305611195,942.5693837492386,9789.224467472908,767.6629841266986
SYS_200,1,0.9620258989295882,5465.841414559849,1.0,1.0,1.0,10012.377530450463,1678.0080413069438,670.8966534942313
SYS_200,3,0.7737320361400671,9861.502481807835,0.2671828315518002,0.4751263937836341,1.0,9962.63011376584,2865.106341464486,900.8078155667538
SYS_200,2,0.9820380978810842,3450.5342218889155,0.5117352007142434,0.0,0.16609614898559458,10064.168729891557,869.7384030376136,1929.5104593159106
SYS_200,3,0.9976232216001588,10197.446345500086,0.47045885256659853,0.0021200237195450693,0.4052640246289129,2391.0379090880188,,10118.698487944443
SYS_200,6,0.19591387838480617,570.3075382534498,0.9731248037602782,0.07026120540807827,0.6999342737901757,10117.043431030315,67.24291779421729,
SYS_200,6,0.4608345379581688,10193.633352001738,0.023034751860042443,0.9903718103837053,0.23736965477931668,0.0,,10309.60931917179
SYS_200,5,1.0,765.3102616745372,0.7101213291506121,0.12044115731265682,0.2610029783512579,916.4055012732101,10015.412160437398,9894.920783888427
SYS_200,9,0.380463439815325,4909.5462229263885,0.0,1.0,0.9991047435759913,10144.195355296599,9743.959928610073,10212.511960902115
SYS_200,6,1.0,9694.80024478137,1.0,0.9968465468275987,0.9982875013448447,2531.9601253050305,9831.039390868918,9956.64842555799
SYS_200,10,0.9871483849616669,5735.591809290817,0.1342919960297229,1.0,1.0,1994.1040335817509,9512.176558616462,5207.014216842478
SYS_201,1,0.9979796057775046,9961.461654066325,0.6966133673879485,0.08274820134926505,1.0,2276.299411290807,436.86672577943534,4618.815181405206
SYS_201,7,0.48710549435478634,3784.676057620234,0.33427498096406005,0.01065998834518929,0.12493143753222122,1274.4158296428923,0.0,326.27836380505335
SYS_201,9,0.8542303134087595,9913.257153460754,0.8788512113770491,1.0,0.2195903716136687,3219.5722183166786,69.46418243480446,9979.039091850058
SYS_201,1,1.0,3670.1246536868894,1.0,0.8358259779259035,1.0,3639.5998658490525,10310.479754136271,0.0
SYS_201,6,0.9939863225976329,4183.731341002798,1.0,0.9944271535638511,0.05989293757847819,10048.230707442146,10085.149480352036,9966.296073747551
SYS_201,3,0.7695791462504946,5203.368670550416,0.9803100042522999,0.43584075458799776,0.9923649080701472,170.30188088618127,775.2763472239915,5285.59067798422
SYS_201,2,0.8314510302084342,9977.082832290693,0.9937495026022155,1.0,1.0,9869.356086783488,1086.9805449961502,0.0
SYS_201,7,0.023597265617648258,10141.842031465396,0.7709637925542601,1.0,0.9841483954502794,10108.027379551539,10209.575664969445,9513.658811579398
SYS_201,4,0.5388551511262295,3912.203173051921,0.16728384612307878,1.0,1.0,1202.2311542542752,3345.276333364901,10087.667304577632
SYS_201,8,1.0,9723.436331588917,0.796051354587204,0.7073206970373429,0.9779980092437998,10287.055801896691,15.8793439559646,9631.120262650544
SYS_202,9,0.7155581394071773,0.0,0.9664315321553589,0.007481407574651024,0.850205110785764,9110.656775195604,3121.084699575748,10103.718333318393
SYS_202,7,0.9865695694133134,6996.5839879425685,1.0,0.9788776174618371,0.9977948634762288,603.3349673970074,132.79061134097694,1604.1790637588292
SYS_202,4,0.8454609447459045,5857.933430229699,0.15730518335758545,1.0,0.012515128255347677,9868.261237963217,343.394879719355,10228.27572284356
SYS_202,6,0.978418399911507,10153.672204130402,0.0,0.9875236827984825,1.0,8712.220009913555,9725.568065320613,859.5305413419024
SYS_202,7,0.8303242807518864,2630.044556829991,0.7038160940844019,0.9831000122759259,0.992636059823008,9958.395063606331,9839.760715624812,1275.9915683280017
SYS_202,2,0.0857570858051209,9903.435606591192,0.690741607330479,0.9941631127570479,0.9621340725051277,9879.837438513281,10086.143470580868,10085.809316780167
SYS_202,9,0.9654511802429068,9979.258378540002,0.010705713943852892,0.0,0.9961730561239939,0.0,9792.487092805486,940.3767371422114
SYS_202,5,1.0,10247.379162329822,0.020041525031956765,0.7836650827326944,0.3766677372753176,9800.187382864638,9483.071245240153,10316.341671272201
SYS_202,10,0.7596055730023339,4152.389497012106,1.0,1.0,1.0,10115.735477675003,1666.687637846497,0.0
SYS_202,6,0.42898709802480955,7434.353125589461,0.29851437281301796,0.018694614817820275,0.026019115949671132,209.5503627649344,10196.636698252298,886.680451360082
